FIPS,Overall Food Insecurity Rate (1 Year)
1001,14.50%
1003,12.40%
1005,19.50%
1007,16.40%
1009,13.80%
1011,16.00%
1013,16.30%
1015,16.10%
1017,15.10%
1019,14.20%
1021,15.90%
1023,16.90%
1025,19.10%
1027,14.70%
1029,16.10%
1031,14.60%
1033,15.90%
1035,16.00%
1037,14.00%
1039,16.40%
1041,15.20%
1043,14.70%
1045,17.10%
1047,20.30%
1049,16.00%
1051,12.50%
1053,18.20%
1055,16.30%
1057,17.80%
1059,14.90%
1061,18.40%
1063,22.30%
1065,19.20%
1067,13.70%
1069,15.30%
1071,16.80%
1073,14.10%
1075,17.10%
1077,14.00%
1079,16.30%
1081,14.10%
1083,12.90%
1085,20.10%
1087,16.40%
1089,11.90%
1091,17.00%
1093,17.70%
1095,15.20%
1097,15.70%
1099,18.30%
1101,15.70%
1103,14.20%
1105,22.90%
1107,18.50%
1109,15.10%
1111,15.10%
1113,16.80%
1115,13.10%
1117,9.60%
1119,18.70%
1121,16.50%
1123,15.90%
1125,14.30%
1127,17.30%
1129,15.00%
1131,21.50%
1133,17.00%
2013,9.80%
2016,10.10%
2020,10.00%
2050,20.40%
2060,10.80%
2068,16.20%
2070,14.60%
2090,9.20%
2100,17.00%
2105,14.10%
2110,9.30%
2122,12.80%
2130,12.20%
2150,9.90%
2158,26.80%
2164,15.00%
2170,11.10%
2180,16.90%
2185,11.00%
2188,18.20%
2195,11.10%
2198,16.50%
2220,10.00%
2230,16.70%
2240,12.00%
2275,11.10%
2282,10.30%
2290,18.50%
4001,22.60%
4003,12.60%
4005,14.60%
4007,15.90%
4009,13.80%
4011,10.80%
4012,17.50%
4013,11.00%
4015,16.40%
4017,19.20%
4019,12.60%
4021,11.10%
4023,14.00%
4025,13.00%
4027,16.20%
5001,14.70%
5003,16.70%
5005,15.70%
5007,10.70%
5009,15.40%
5011,14.90%
5013,13.00%
5015,14.00%
5017,20.70%
5019,16.90%
5021,18.80%
5023,16.10%
5025,14.60%
5027,17.40%
5029,18.00%
5031,16.00%
5033,15.90%
5035,16.70%
5037,15.90%
5039,14.10%
5041,17.40%
5043,15.50%
5045,14.30%
5047,19.10%
5049,17.80%
5051,17.60%
5053,14.20%
5055,17.00%
5057,15.50%
5059,15.80%
5061,15.10%
5063,15.50%
5065,18.10%
5067,19.40%
5069,16.30%
5071,16.70%
5073,18.70%
5075,17.00%
5077,19.40%
5079,15.20%
5081,14.30%
5083,17.30%
5085,13.50%
5087,15.50%
5089,18.20%
5091,16.30%
5093,18.30%
5095,18.30%
5097,18.20%
5099,17.00%
5101,14.10%
5103,17.00%
5105,16.10%
5107,22.20%
5109,17.10%
5111,18.20%
5113,18.80%
5115,14.80%
5117,14.00%
5119,14.70%
5121,17.60%
5123,19.50%
5125,11.60%
5127,16.40%
5129,20.30%
5131,16.50%
5133,15.20%
5135,18.20%
5137,19.30%
5139,15.90%
5141,17.70%
5143,13.50%
5145,15.40%
5147,16.90%
5149,14.00%
6001,9.30%
6003,11.70%
6005,10.60%
6007,14.00%
6009,11.40%
6011,12.90%
6013,8.50%
6015,14.40%
6017,9.50%
6019,14.40%
6021,12.50%
6023,15.00%
6025,19.00%
6027,10.70%
6029,14.30%
6031,12.60%
6033,15.00%
6035,11.20%
6037,12.70%
6039,12.60%
6041,7.50%
6043,14.90%
6045,13.90%
6047,13.90%
6049,13.60%
6051,10.70%
6053,10.20%
6055,8.70%
6057,10.30%
6059,9.40%
6061,8.00%
6063,13.10%
6065,9.70%
6067,11.70%
6069,8.30%
6071,10.60%
6073,10.10%
6075,11.00%
6077,12.10%
6079,9.10%
6081,7.10%
6083,9.20%
6085,7.50%
6087,10.00%
6089,13.80%
6091,11.30%
6093,15.00%
6095,9.40%
6097,9.30%
6099,11.80%
6101,12.50%
6103,14.50%
6105,15.90%
6107,14.90%
6109,13.00%
6111,8.50%
6113,10.60%
6115,13.20%
8001,9.30%
8003,12.70%
8005,9.00%
8007,10.50%
8009,12.80%
8011,14.30%
8013,8.70%
8014,7.60%
8015,11.30%
8017,9.20%
8019,9.90%
8021,12.30%
8023,16.60%
8025,16.60%
8027,8.60%
8029,14.10%
8031,11.10%
8033,10.00%
8035,5.70%
8037,9.10%
8039,5.60%
8041,10.20%
8043,12.30%
8045,8.00%
8047,9.50%
8049,9.70%
8051,9.80%
8053,10.50%
8055,14.40%
8057,9.50%
8059,8.50%
8061,9.50%
8063,8.40%
8065,11.70%
8067,9.70%
8069,9.40%
8071,13.80%
8073,10.80%
8075,10.40%
8077,12.10%
8079,11.40%
8081,13.20%
8083,12.40%
8085,10.80%
8087,8.90%
8089,14.60%
8091,9.90%
8093,7.70%
8095,6.70%
8097,10.10%
8099,11.80%
8101,13.60%
8103,10.20%
8105,12.60%
8107,9.70%
8109,11.90%
8111,12.30%
8113,12.20%
8115,12.60%
8117,9.70%
8119,10.20%
8121,9.20%
8123,8.90%
8125,8.10%
9001,10.10%
9003,11.60%
9005,10.40%
9007,9.80%
9009,11.70%
9011,12.20%
9013,9.40%
9015,12.80%
10001,12.50%
10003,10.10%
10005,10.80%
11001,9.80%
12001,12.40%
12003,10.50%
12005,13.20%
12007,15.00%
12009,11.40%
12011,10.80%
12013,13.90%
12015,12.90%
12017,14.80%
12019,9.50%
12021,10.00%
12023,13.20%
12027,15.20%
12029,14.60%
12031,12.20%
12033,12.70%
12035,11.50%
12037,14.80%
12039,13.20%
12041,12.40%
12043,12.40%
12045,12.60%
12047,16.60%
12049,14.30%
12051,15.00%
12053,13.80%
12055,14.20%
12057,11.40%
12059,16.20%
12061,11.20%
12063,13.70%
12065,12.40%
12067,12.20%
12069,12.40%
12071,11.20%
12073,12.00%
12075,14.80%
12077,15.40%
12079,16.50%
12081,11.20%
12083,13.10%
12085,10.40%
12086,10.80%
12087,11.30%
12089,10.70%
12091,11.20%
12093,12.70%
12095,12.80%
12097,13.80%
12099,10.60%
12101,12.30%
12103,12.20%
12105,13.30%
12107,16.20%
12109,8.50%
12111,11.70%
12113,10.60%
12115,10.80%
12117,9.90%
12119,11.40%
12121,12.80%
12123,15.30%
12125,12.30%
12127,12.90%
12129,8.20%
12131,11.80%
12133,16.20%
13001,14.20%
13003,14.90%
13005,16.20%
13007,14.70%
13009,14.40%
13011,12.70%
13013,10.10%
13015,11.80%
13017,17.20%
13019,16.30%
13021,16.10%
13023,14.20%
13025,14.60%
13027,14.00%
13029,9.80%
13031,13.50%
13033,12.40%
13035,14.60%
13037,14.10%
13039,11.60%
13043,16.40%
13045,12.50%
13047,10.70%
13049,14.90%
13051,12.50%
13053,15.70%
13055,17.00%
13057,8.00%
13059,15.00%
13061,20.50%
13063,12.40%
13065,16.10%
13067,8.10%
13069,14.20%
13071,14.60%
13073,7.40%
13075,13.80%
13077,9.10%
13079,13.40%
13081,19.10%
13083,12.10%
13085,9.60%
13087,14.60%
13089,11.10%
13091,14.80%
13093,14.40%
13095,17.10%
13097,9.50%
13099,16.70%
13101,13.90%
13103,8.30%
13105,16.20%
13107,16.90%
13109,14.10%
13111,12.90%
13113,6.50%
13115,14.40%
13117,6.20%
13119,15.70%
13121,11.30%
13123,13.40%
13125,12.80%
13127,13.30%
13129,13.20%
13131,13.20%
13133,11.20%
13135,8.40%
13137,11.80%
13139,10.40%
13141,14.60%
13143,13.00%
13145,7.50%
13147,12.90%
13149,17.20%
13151,8.20%
13153,10.00%
13155,14.30%
13157,9.30%
13159,12.20%
13161,14.70%
13163,13.60%
13165,18.30%
13167,14.80%
13169,9.40%
13171,12.80%
13173,17.10%
13175,16.30%
13177,9.50%
13179,12.00%
13181,13.90%
13183,14.60%
13185,14.10%
13187,10.50%
13189,13.40%
13191,11.90%
13193,15.90%
13195,14.60%
13197,11.00%
13199,16.40%
13201,12.90%
13205,16.00%
13207,12.20%
13209,12.20%
13211,9.00%
13213,13.60%
13215,15.30%
13217,11.50%
13219,6.80%
13221,10.40%
13223,8.00%
13225,13.70%
13227,11.80%
13229,12.40%
13231,9.00%
13233,14.20%
13235,14.40%
13237,13.90%
13239,12.10%
13241,15.50%
13243,16.70%
13245,15.70%
13247,9.30%
13249,11.10%
13251,14.60%
13253,17.00%
13255,13.80%
13257,13.60%
13259,15.50%
13261,14.60%
13263,11.70%
13265,14.90%
13267,13.90%
13269,19.10%
13271,17.30%
13273,17.80%
13275,13.50%
13277,13.80%
13279,15.10%
13281,12.40%
13283,19.70%
13285,14.60%
13287,17.90%
13289,11.80%
13291,13.10%
13293,14.80%
13295,13.60%
13297,10.40%
13299,14.90%
13301,14.90%
13303,14.00%
13305,13.10%
13307,14.40%
13309,16.40%
13311,11.70%
13313,12.30%
13315,14.20%
13317,15.10%
13319,14.10%
13321,13.50%
15001,14.50%
15003,12.20%
15005,13.40%
15007,14.20%
15009,15.60%
16001,7.80%
16003,13.70%
16005,10.60%
16007,9.70%
16009,12.60%
16011,8.40%
16013,9.60%
16015,11.20%
16017,11.50%
16019,8.10%
16021,13.40%
16023,12.40%
16025,10.90%
16027,9.30%
16029,7.00%
16031,8.10%
16033,6.80%
16035,12.80%
16037,13.60%
16039,11.40%
16041,7.20%
16043,9.00%
16045,12.10%
16047,9.80%
16049,12.00%
16051,6.00%
16053,9.40%
16055,10.20%
16057,10.50%
16059,11.80%
16061,14.70%
16063,9.20%
16065,10.80%
16067,9.50%
16069,10.50%
16071,9.60%
16073,10.70%
16075,10.00%
16077,8.60%
16079,15.70%
16081,6.20%
16083,9.90%
16085,9.30%
16087,10.50%
17001,10.60%
17003,17.30%
17005,10.80%
17007,9.10%
17009,8.00%
17011,10.40%
17013,9.70%
17015,10.20%
17017,10.30%
17019,10.50%
17021,10.60%
17023,10.00%
17025,14.40%
17027,8.10%
17029,14.20%
17031,10.90%
17033,10.40%
17035,9.30%
17037,11.10%
17039,9.00%
17041,8.70%
17043,6.70%
17045,10.70%
17047,11.30%
17049,9.70%
17051,12.30%
17053,10.60%
17055,16.10%
17057,11.80%
17059,16.30%
17061,10.60%
17063,8.20%
17065,12.00%
17067,10.80%
17069,14.20%
17071,9.20%
17073,9.90%
17075,10.10%
17077,14.20%
17079,10.50%
17081,13.50%
17083,8.70%
17085,10.10%
17087,10.90%
17089,7.30%
17091,10.80%
17093,5.10%
17095,13.00%
17097,7.10%
17099,11.70%
17101,12.30%
17103,10.90%
17105,10.80%
17107,9.80%
17109,11.80%
17111,7.20%
17113,9.20%
17115,12.50%
17117,11.10%
17119,10.40%
17121,13.70%
17123,10.10%
17125,12.90%
17127,14.30%
17129,8.50%
17131,9.80%
17133,5.20%
17135,12.60%
17137,11.40%
17139,8.10%
17141,9.90%
17143,12.50%
17145,14.30%
17147,6.80%
17149,11.10%
17151,16.10%
17153,15.10%
17155,9.70%
17157,10.80%
17159,11.60%
17161,11.60%
17163,11.00%
17165,15.60%
17167,11.20%
17169,13.20%
17171,10.00%
17173,9.40%
17175,10.70%
17177,11.60%
17179,9.20%
17181,13.20%
17183,12.90%
17185,11.90%
17187,9.40%
17189,7.70%
17191,12.20%
17193,12.80%
17195,9.80%
17197,6.80%
17199,12.80%
17201,13.20%
17203,6.90%
18001,12.00%
18003,12.00%
18005,12.10%
18007,12.70%
18009,16.20%
18011,7.50%
18013,10.40%
18015,10.40%
18017,12.30%
18019,11.20%
18021,12.60%
18023,11.10%
18025,15.40%
18027,11.00%
18029,10.50%
18031,12.00%
18033,11.30%
18035,15.10%
18037,9.20%
18039,11.30%
18041,17.00%
18043,10.60%
18045,13.10%
18047,9.70%
18049,12.90%
18051,11.10%
18053,14.90%
18055,13.30%
18057,6.80%
18059,8.80%
18061,11.00%
18063,7.40%
18065,13.50%
18067,14.40%
18069,11.90%
18071,13.30%
18073,11.00%
18075,13.40%
18077,14.30%
18079,12.60%
18081,9.40%
18083,14.40%
18085,10.50%
18087,8.70%
18089,13.10%
18091,13.90%
18093,12.30%
18095,14.50%
18097,13.40%
18099,11.60%
18101,11.70%
18103,14.30%
18105,13.30%
18107,11.50%
18109,9.90%
18111,12.40%
18113,11.00%
18115,11.80%
18117,16.30%
18119,13.50%
18121,12.60%
18123,12.30%
18125,10.90%
18127,10.70%
18129,9.70%
18131,12.00%
18133,10.60%
18135,12.50%
18137,11.70%
18139,13.20%
18141,13.20%
18143,16.70%
18145,12.00%
18147,10.10%
18149,14.40%
18151,10.80%
18153,13.10%
18155,17.40%
18157,12.50%
18159,10.70%
18161,9.90%
18163,14.00%
18165,14.50%
18167,15.30%
18169,11.80%
18171,11.10%
18173,8.40%
18175,13.30%
18177,14.60%
18179,9.90%
18181,10.40%
18183,10.40%
19001,8.90%
19003,8.70%
19005,7.60%
19007,13.20%
19009,8.00%
19011,6.90%
19013,9.80%
19015,6.40%
19017,5.30%
19019,6.50%
19021,6.50%
19023,8.10%
19025,7.60%
19027,6.40%
19029,8.20%
19031,6.00%
19033,8.30%
19035,7.90%
19037,7.00%
19039,10.90%
19041,8.80%
19043,9.90%
19045,10.40%
19047,10.30%
19049,4.50%
19051,6.80%
19053,10.20%
19055,6.30%
19057,11.50%
19059,7.30%
19061,7.90%
19063,8.10%
19065,9.30%
19067,10.00%
19069,8.20%
19071,6.30%
19073,8.60%
19075,5.10%
19077,7.10%
19079,6.50%
19081,8.20%
19083,7.70%
19085,7.30%
19087,8.60%
19089,6.80%
19091,9.30%
19093,7.90%
19095,6.50%
19097,8.50%
19099,8.00%
19101,9.90%
19103,7.60%
19105,7.80%
19107,9.60%
19109,8.60%
19111,9.90%
19113,7.50%
19115,6.80%
19117,10.10%
19119,3.90%
19121,6.10%
19123,9.30%
19125,7.30%
19127,8.50%
19129,6.50%
19131,5.90%
19133,9.80%
19135,9.30%
19137,9.00%
19139,7.20%
19141,7.70%
19143,7.30%
19145,9.20%
19147,6.90%
19149,6.00%
19151,7.80%
19153,8.00%
19155,8.60%
19157,8.40%
19159,7.90%
19161,6.70%
19163,8.70%
19165,6.80%
19167,3.80%
19169,7.30%
19171,8.20%
19173,6.10%
19175,9.80%
19177,9.40%
19179,11.10%
19181,5.70%
19183,7.00%
19185,9.60%
19187,10.10%
19189,7.60%
19191,7.10%
19193,8.30%
19195,6.70%
19197,8.50%
20001,13.30%
20003,11.70%
20005,12.20%
20007,13.60%
20009,11.50%
20011,12.80%
20013,12.40%
20015,10.50%
20017,9.30%
20019,16.00%
20021,13.40%
20023,9.60%
20025,10.10%
20027,10.20%
20029,10.40%
20031,11.50%
20033,10.60%
20035,12.70%
20037,14.30%
20039,13.30%
20041,10.60%
20043,11.50%
20045,11.50%
20047,8.10%
20049,13.50%
20051,9.80%
20053,8.80%
20055,8.00%
20057,7.40%
20059,11.10%
20061,13.30%
20063,9.70%
20065,10.60%
20067,7.60%
20069,4.70%
20071,9.60%
20073,12.30%
20075,6.30%
20077,12.50%
20079,10.30%
20081,6.70%
20083,9.00%
20085,11.00%
20087,8.20%
20089,11.90%
20091,7.20%
20093,10.50%
20095,9.20%
20097,9.00%
20099,13.80%
20101,10.50%
20103,9.30%
20105,9.90%
20107,13.60%
20109,10.50%
20111,10.40%
20113,8.90%
20115,9.30%
20117,8.50%
20119,7.50%
20121,8.70%
20123,10.80%
20125,15.00%
20127,10.10%
20129,12.00%
20131,8.80%
20133,13.90%
20135,9.20%
20137,8.50%
20139,11.70%
20141,11.00%
20143,9.60%
20145,11.30%
20147,11.40%
20149,8.00%
20151,9.30%
20153,10.20%
20155,11.30%
20157,8.90%
20159,11.00%
20161,12.70%
20163,9.00%
20165,9.80%
20167,11.00%
20169,11.30%
20171,7.60%
20173,12.90%
20175,8.00%
20177,10.50%
20179,7.00%
20181,8.20%
20183,9.50%
20185,9.60%
20187,10.00%
20189,9.60%
20191,13.20%
20193,8.10%
20195,8.20%
20197,8.40%
20199,11.50%
20201,8.80%
20203,7.90%
20205,14.00%
20207,13.10%
20209,12.90%
21001,15.20%
21003,13.70%
21005,13.10%
21007,13.40%
21009,17.80%
21011,18.60%
21013,21.90%
21015,7.90%
21017,12.60%
21019,16.00%
21021,13.40%
21023,14.40%
21025,24.50%
21027,14.70%
21029,10.40%
21031,14.80%
21033,15.50%
21035,14.30%
21037,10.70%
21039,12.30%
21041,16.10%
21043,18.40%
21045,17.30%
21047,15.40%
21049,13.90%
21051,23.50%
21053,15.90%
21055,13.30%
21057,14.70%
21059,13.00%
21061,15.80%
21063,20.80%
21065,20.20%
21067,11.40%
21069,16.30%
21071,20.80%
21073,12.40%
21075,17.10%
21077,12.40%
21079,11.40%
21081,12.70%
21083,14.40%
21085,17.60%
21087,17.30%
21089,15.10%
21091,12.30%
21093,11.90%
21095,25.40%
21097,13.80%
21099,16.10%
21101,15.10%
21103,14.10%
21105,14.40%
21107,15.70%
21109,21.90%
21111,11.50%
21113,11.30%
21115,18.40%
21117,10.80%
21119,22.20%
21121,20.60%
21123,14.10%
21125,16.40%
21127,18.50%
21129,21.80%
21131,22.90%
21133,22.60%
21135,19.60%
21137,15.40%
21139,14.00%
21141,13.20%
21143,13.60%
21145,12.90%
21147,20.20%
21149,12.50%
21151,13.50%
21153,25.10%
21155,16.20%
21157,11.00%
21159,18.80%
21161,14.70%
21163,12.30%
21165,17.50%
21167,12.80%
21169,16.80%
21171,16.80%
21173,15.80%
21175,16.80%
21177,14.90%
21179,10.00%
21181,17.30%
21183,13.50%
21185,5.40%
21187,13.60%
21189,21.70%
21191,13.80%
21193,18.10%
21195,19.20%
21197,17.30%
21199,16.70%
21201,16.70%
21203,16.40%
21205,17.40%
21207,16.60%
21209,10.00%
21211,9.10%
21213,12.10%
21215,8.60%
21217,14.90%
21219,14.10%
21221,14.00%
21223,14.70%
21225,14.40%
21227,12.90%
21229,12.50%
21231,16.10%
21233,16.80%
21235,17.20%
21237,25.90%
21239,9.90%
22001,17.30%
22003,14.70%
22005,9.50%
22007,16.40%
22009,18.20%
22011,13.60%
22013,19.20%
22015,13.10%
22017,16.00%
22019,14.20%
22021,16.10%
22023,10.20%
22025,16.20%
22027,19.20%
22029,17.90%
22031,15.50%
22033,12.90%
22035,25.90%
22037,11.40%
22039,20.80%
22041,18.00%
22043,13.70%
22045,16.60%
22047,14.20%
22049,16.00%
22051,13.90%
22053,15.50%
22055,12.90%
22057,14.10%
22059,12.40%
22061,16.60%
22063,10.90%
22065,20.60%
22067,17.60%
22069,16.50%
22071,17.30%
22073,15.70%
22075,13.80%
22077,16.80%
22079,14.40%
22081,16.80%
22083,17.90%
22085,15.50%
22087,17.40%
22089,10.50%
22091,17.50%
22093,11.90%
22095,12.40%
22097,15.80%
22099,13.50%
22101,16.60%
22103,11.60%
22105,16.30%
22107,18.00%
22109,15.00%
22111,14.60%
22113,14.60%
22115,15.60%
22117,17.70%
22119,17.60%
22121,11.70%
22123,16.00%
22125,9.30%
22127,14.90%
23001,12.00%
23003,13.50%
23005,9.20%
23007,11.20%
23009,10.50%
23011,11.60%
23013,9.90%
23015,10.70%
23017,12.70%
23019,12.20%
23021,15.20%
23023,9.50%
23025,15.50%
23027,11.20%
23029,15.00%
23031,9.50%
24001,15.60%
24003,8.30%
24005,10.30%
24009,7.20%
24011,12.20%
24013,8.50%
24015,11.10%
24017,7.20%
24019,14.00%
24021,8.90%
24023,13.20%
24025,8.90%
24027,7.30%
24029,12.00%
24031,8.30%
24033,8.10%
24035,8.90%
24037,9.60%
24039,14.80%
24041,10.80%
24043,13.20%
24045,13.20%
24047,13.70%
24510,15.50%
25001,8.60%
25003,10.30%
25005,11.00%
25007,8.20%
25009,9.40%
25011,9.90%
25013,12.20%
25015,8.10%
25017,7.20%
25019,7.80%
25021,7.00%
25023,7.50%
25025,12.20%
25027,9.10%
26001,16.30%
26003,14.20%
26005,9.60%
26007,14.50%
26009,12.60%
26011,15.80%
26013,15.50%
26015,10.10%
26017,14.60%
26019,12.10%
26021,14.00%
26023,13.60%
26025,14.90%
26027,13.00%
26029,12.60%
26031,16.70%
26033,15.40%
26035,19.30%
26037,9.20%
26039,16.20%
26041,14.50%
26043,11.90%
26045,11.40%
26047,13.00%
26049,16.10%
26051,15.40%
26053,14.00%
26055,11.80%
26057,13.70%
26059,14.10%
26061,13.40%
26063,13.20%
26065,13.30%
26067,11.30%
26069,16.00%
26071,14.40%
26073,15.50%
26075,13.00%
26077,12.00%
26079,15.90%
26081,10.80%
26083,10.80%
26085,17.90%
26087,13.30%
26089,9.40%
26091,12.40%
26093,9.40%
26095,15.40%
26097,17.60%
26099,13.30%
26101,13.50%
26103,13.40%
26105,14.50%
26107,15.10%
26109,12.10%
26111,11.40%
26113,14.20%
26115,12.40%
26117,13.60%
26119,17.80%
26121,14.10%
26123,14.40%
26125,10.70%
26127,13.80%
26129,17.00%
26131,15.50%
26133,14.90%
26135,16.20%
26137,14.50%
26139,8.70%
26141,15.00%
26143,18.10%
26145,14.90%
26147,14.90%
26149,14.10%
26151,15.10%
26153,15.60%
26155,13.20%
26157,14.60%
26159,13.00%
26161,10.40%
26163,17.60%
26165,14.50%
27001,10.90%
27003,5.40%
27005,8.50%
27007,11.40%
27009,8.10%
27011,8.90%
27013,8.40%
27015,6.20%
27017,8.90%
27019,3.60%
27021,10.80%
27023,8.30%
27025,6.10%
27027,7.70%
27029,12.20%
27031,9.60%
27033,8.30%
27035,9.00%
27037,5.40%
27039,4.50%
27041,6.90%
27043,8.40%
27045,6.90%
27047,7.60%
27049,7.00%
27051,7.90%
27053,7.50%
27055,6.00%
27057,9.20%
27059,7.00%
27061,10.50%
27063,6.00%
27065,9.30%
27067,6.80%
27069,8.00%
27071,10.50%
27073,7.20%
27075,8.20%
27077,7.20%
27079,6.90%
27081,7.70%
27083,7.80%
27085,6.80%
27087,16.10%
27089,6.80%
27091,9.50%
27093,6.10%
27095,10.30%
27097,8.60%
27099,8.40%
27101,6.50%
27103,6.90%
27105,6.60%
27107,7.70%
27109,6.10%
27111,7.30%
27113,8.30%
27115,10.30%
27117,7.40%
27119,8.70%
27121,7.10%
27123,9.50%
27125,8.00%
27127,7.20%
27129,7.30%
27131,6.40%
27133,6.40%
27135,6.70%
27137,10.00%
27139,4.40%
27141,5.10%
27143,6.30%
27145,7.90%
27147,6.30%
27149,6.30%
27151,9.00%
27153,8.60%
27155,7.90%
27157,6.80%
27159,11.30%
27161,7.00%
27163,4.40%
27165,7.40%
27167,7.30%
27169,7.10%
27171,4.80%
27173,7.00%
28001,21.90%
28003,17.50%
28005,21.70%
28007,19.00%
28009,16.20%
28011,20.60%
28013,18.20%
28015,15.10%
28017,18.60%
28019,16.70%
28021,22.20%
28023,17.90%
28025,17.60%
28027,23.30%
28029,15.70%
28031,18.10%
28033,11.30%
28035,20.00%
28037,18.00%
28039,18.40%
28041,17.10%
28043,18.10%
28045,15.30%
28047,18.20%
28049,15.80%
28051,27.60%
28053,25.40%
28055,23.10%
28057,14.60%
28059,16.80%
28061,16.50%
28063,21.00%
28065,16.90%
28067,17.20%
28069,19.40%
28071,14.70%
28073,15.30%
28075,17.90%
28077,18.00%
28079,19.50%
28081,14.80%
28083,20.00%
28085,17.20%
28087,16.00%
28089,11.40%
28091,19.30%
28093,16.40%
28095,16.20%
28097,19.60%
28099,19.70%
28101,17.90%
28103,20.50%
28105,17.00%
28107,17.50%
28109,16.10%
28111,19.00%
28113,21.10%
28115,16.30%
28117,18.20%
28119,22.30%
28121,11.30%
28123,17.90%
28125,19.10%
28127,15.80%
28129,14.90%
28131,17.30%
28133,21.00%
28135,18.00%
28137,14.90%
28139,19.20%
28141,19.00%
28143,23.00%
28145,14.90%
28147,16.90%
28149,17.40%
28151,22.90%
28153,17.80%
28155,17.70%
28157,21.70%
28159,18.40%
28161,16.90%
28163,22.60%
29001,13.50%
29003,9.40%
29005,11.90%
29007,13.80%
29009,14.50%
29011,16.40%
29013,13.70%
29015,16.70%
29017,14.20%
29019,11.50%
29021,13.40%
29023,18.10%
29025,13.30%
29027,10.30%
29029,13.60%
29031,12.10%
29033,12.40%
29035,16.80%
29037,9.90%
29039,15.40%
29041,12.00%
29043,10.70%
29045,12.60%
29047,10.00%
29049,11.00%
29051,9.70%
29053,12.10%
29055,16.00%
29057,13.90%
29059,15.90%
29061,11.00%
29063,10.30%
29065,15.40%
29067,15.10%
29069,18.00%
29071,11.20%
29073,11.70%
29075,12.40%
29077,13.50%
29079,13.90%
29081,15.90%
29083,15.40%
29085,13.70%
29087,11.10%
29089,10.00%
29091,18.30%
29093,18.30%
29095,12.30%
29097,14.40%
29099,10.70%
29101,11.50%
29103,12.70%
29105,15.30%
29107,11.80%
29109,14.50%
29111,13.70%
29113,11.50%
29115,13.20%
29117,11.60%
29119,13.60%
29121,12.50%
29123,15.30%
29125,14.20%
29127,13.90%
29129,11.10%
29131,13.60%
29133,17.60%
29135,10.40%
29137,13.30%
29139,13.30%
29141,15.50%
29143,16.30%
29145,12.50%
29147,12.10%
29149,19.70%
29151,8.10%
29153,18.80%
29155,21.50%
29157,10.90%
29159,14.00%
29161,14.60%
29163,13.30%
29165,8.90%
29167,13.40%
29169,13.80%
29171,11.60%
29173,11.30%
29175,13.80%
29177,11.60%
29179,16.20%
29181,19.40%
29183,7.50%
29185,15.20%
29186,10.60%
29187,15.60%
29189,9.80%
29195,12.80%
29197,14.20%
29199,10.40%
29201,14.80%
29203,19.90%
29205,12.70%
29207,16.20%
29209,14.40%
29211,11.20%
29213,17.80%
29215,17.20%
29217,13.20%
29219,11.80%
29221,17.60%
29223,20.20%
29225,12.80%
29227,12.80%
29229,16.90%
29510,15.80%
30001,9.70%
30003,14.80%
30005,17.10%
30007,7.90%
30009,9.00%
30011,8.90%
30013,10.00%
30015,9.00%
30017,9.90%
30019,6.30%
30021,9.70%
30023,14.90%
30025,8.50%
30027,10.50%
30029,9.00%
30031,6.80%
30033,5.40%
30035,17.20%
30037,10.30%
30039,10.30%
30041,10.70%
30043,6.30%
30045,10.50%
30047,11.60%
30049,7.60%
30051,12.90%
30053,14.50%
30055,4.50%
30057,7.20%
30059,9.10%
30061,14.30%
30063,9.50%
30065,9.70%
30067,9.20%
30069,7.30%
30071,8.70%
30073,11.40%
30075,8.40%
30077,10.90%
30079,10.70%
30081,10.00%
30083,8.00%
30085,15.40%
30087,11.70%
30089,12.90%
30091,8.30%
30093,11.60%
30095,6.00%
30097,5.90%
30099,9.30%
30101,9.70%
30103,10.10%
30105,9.60%
30107,12.60%
30109,7.70%
30111,7.70%
31001,11.20%
31003,10.30%
31005,13.30%
31007,7.90%
31009,9.90%
31011,8.50%
31013,11.40%
31015,10.40%
31017,9.60%
31019,10.30%
31021,11.70%
31023,9.40%
31025,8.70%
31027,8.00%
31029,8.50%
31031,10.70%
31033,12.10%
31035,9.40%
31037,8.00%
31039,7.90%
31041,11.50%
31043,10.30%
31045,9.80%
31047,9.80%
31049,10.30%
31051,9.40%
31053,10.90%
31055,10.50%
31057,10.00%
31059,9.00%
31061,13.00%
31063,11.30%
31065,10.30%
31067,12.70%
31069,10.60%
31071,8.90%
31073,7.70%
31075,12.60%
31077,11.10%
31079,11.20%
31081,7.50%
31083,10.30%
31085,12.20%
31087,12.30%
31089,8.90%
31091,11.80%
31093,9.60%
31095,11.90%
31097,10.00%
31099,9.80%
31101,12.30%
31103,8.50%
31105,11.90%
31107,10.30%
31109,10.60%
31111,10.70%
31113,9.70%
31115,10.40%
31117,10.60%
31119,11.10%
31121,11.70%
31123,10.10%
31125,10.60%
31127,12.10%
31129,9.50%
31131,11.00%
31133,13.30%
31135,8.30%
31137,10.80%
31139,9.50%
31141,8.50%
31143,9.00%
31145,10.40%
31147,11.30%
31149,8.50%
31151,9.30%
31153,8.00%
31155,8.80%
31157,11.70%
31159,9.00%
31161,14.50%
31163,11.10%
31165,9.40%
31167,8.30%
31169,10.20%
31171,11.60%
31173,15.70%
31175,9.50%
31177,9.10%
31179,9.10%
31181,9.40%
31183,11.30%
31185,9.50%
32001,11.50%
32003,14.90%
32005,10.60%
32007,9.60%
32009,13.80%
32011,12.50%
32013,10.40%
32015,9.10%
32017,9.60%
32019,11.90%
32021,13.90%
32023,16.30%
32027,9.10%
32029,10.90%
32031,11.20%
32033,10.10%
32510,12.30%
33001,9.40%
33003,9.80%
33005,9.20%
33007,12.20%
33009,9.50%
33011,8.50%
33013,7.90%
33015,6.80%
33017,8.80%
33019,9.50%
34001,15.10%
34003,7.90%
34005,7.10%
34007,10.90%
34009,12.50%
34011,12.10%
34013,12.30%
34015,8.20%
34017,12.20%
34019,5.50%
34021,8.30%
34023,8.40%
34025,7.80%
34027,6.40%
34029,9.80%
34031,12.00%
34033,11.70%
34035,5.70%
34037,7.60%
34039,8.30%
34041,8.90%
35001,12.70%
35003,19.20%
35005,13.70%
35006,18.20%
35007,16.00%
35009,13.60%
35011,10.40%
35013,14.70%
35015,12.00%
35017,17.50%
35019,12.00%
35021,12.40%
35023,13.90%
35025,12.80%
35027,13.60%
35028,6.00%
35029,20.20%
35031,22.60%
35033,15.70%
35035,15.50%
35037,15.40%
35039,13.70%
35041,15.80%
35043,11.00%
35045,17.00%
35047,16.50%
35049,11.30%
35051,18.80%
35053,18.70%
35055,14.80%
35057,16.30%
35059,15.30%
35061,12.60%
36001,10.30%
36003,12.90%
36005,19.70%
36007,13.80%
36009,14.00%
36011,11.40%
36013,14.00%
36015,13.00%
36017,11.90%
36019,11.90%
36021,9.60%
36023,11.50%
36025,12.60%
36027,8.70%
36029,12.00%
36031,10.60%
36033,13.40%
36035,13.20%
36037,10.70%
36039,10.60%
36041,10.80%
36043,12.20%
36045,13.20%
36047,15.50%
36049,11.00%
36051,9.40%
36053,9.30%
36055,11.60%
36057,13.70%
36059,5.70%
36061,13.60%
36063,12.30%
36065,11.80%
36067,11.50%
36069,9.60%
36071,9.40%
36073,11.90%
36075,13.30%
36077,11.00%
36079,6.30%
36081,12.10%
36083,10.20%
36085,10.10%
36087,9.70%
36089,13.50%
36091,7.80%
36093,10.70%
36095,10.80%
36097,13.10%
36099,11.70%
36101,11.90%
36103,6.60%
36105,11.50%
36107,10.30%
36109,10.70%
36111,11.30%
36113,10.60%
36115,10.70%
36117,10.20%
36119,7.90%
36121,9.30%
36123,10.30%
37001,13.10%
37003,13.50%
37005,17.50%
37007,14.50%
37009,14.00%
37011,14.00%
37013,14.00%
37015,16.50%
37017,16.30%
37019,13.10%
37021,13.70%
37023,16.30%
37025,10.30%
37027,14.90%
37029,10.20%
37031,12.60%
37033,14.10%
37035,13.20%
37037,10.70%
37039,16.40%
37041,14.70%
37043,15.80%
37045,15.70%
37047,16.60%
37049,13.50%
37051,16.20%
37053,10.30%
37055,12.30%
37057,14.10%
37059,13.00%
37061,13.60%
37063,11.30%
37065,16.50%
37067,13.00%
37069,11.80%
37071,14.00%
37073,12.70%
37075,16.70%
37077,11.30%
37079,14.90%
37081,13.30%
37083,17.90%
37085,13.70%
37087,14.30%
37089,12.30%
37091,14.90%
37093,15.10%
37095,17.00%
37097,11.60%
37099,15.30%
37101,11.50%
37103,17.20%
37105,14.60%
37107,17.00%
37109,12.80%
37111,15.40%
37113,15.30%
37115,14.50%
37117,15.50%
37119,10.90%
37121,14.60%
37123,13.80%
37125,12.00%
37127,13.80%
37129,13.70%
37131,14.40%
37133,14.10%
37135,10.20%
37137,13.90%
37139,12.20%
37141,12.80%
37143,12.40%
37145,14.20%
37147,14.40%
37149,12.90%
37151,14.30%
37153,17.30%
37155,18.80%
37157,15.50%
37159,14.50%
37161,17.20%
37163,14.00%
37165,20.40%
37167,12.80%
37169,13.90%
37171,15.60%
37173,16.10%
37175,13.60%
37177,16.20%
37179,8.50%
37181,16.60%
37183,9.50%
37185,16.10%
37187,19.10%
37189,14.30%
37191,14.20%
37193,15.10%
37195,15.50%
37197,13.90%
37199,15.00%
38001,6.40%
38003,4.70%
38005,15.10%
38007,5.40%
38009,5.70%
38011,2.60%
38013,3.50%
38015,4.20%
38017,5.40%
38019,5.20%
38021,2.70%
38023,4.00%
38025,4.20%
38027,7.30%
38029,5.40%
38031,4.50%
38033,3.80%
38035,6.60%
38037,4.40%
38039,2.80%
38041,4.80%
38043,5.30%
38045,5.00%
38047,3.10%
38049,5.00%
38051,5.20%
38053,7.00%
38055,3.70%
38057,4.30%
38059,4.00%
38061,6.70%
38063,6.80%
38065,4.80%
38067,5.00%
38069,5.20%
38071,9.60%
38073,5.70%
38075,3.20%
38077,5.30%
38079,16.00%
38081,3.40%
38083,4.60%
38085,14.80%
38087,3.60%
38089,6.40%
38091,3.50%
38093,7.10%
38095,4.90%
38097,2.80%
38099,5.10%
38101,5.60%
38103,5.30%
38105,6.80%
39001,18.00%
39003,13.40%
39005,12.00%
39007,15.60%
39009,16.90%
39011,10.10%
39013,13.80%
39015,15.20%
39017,11.00%
39019,13.70%
39021,12.30%
39023,14.30%
39025,11.20%
39027,14.50%
39029,14.60%
39031,15.50%
39033,14.90%
39035,15.00%
39037,12.00%
39039,10.80%
39041,6.80%
39043,13.60%
39045,10.30%
39047,15.50%
39049,12.60%
39051,10.70%
39053,15.80%
39055,8.30%
39057,11.10%
39059,16.00%
39061,12.50%
39063,11.20%
39065,13.80%
39067,15.30%
39069,10.60%
39071,16.50%
39073,13.90%
39075,8.70%
39077,13.40%
39079,15.90%
39081,16.20%
39083,11.90%
39085,11.20%
39087,17.50%
39089,11.40%
39091,11.80%
39093,13.10%
39095,15.90%
39097,10.80%
39099,15.30%
39101,13.90%
39103,9.40%
39105,18.00%
39107,8.30%
39109,10.80%
39111,16.20%
39113,14.20%
39115,16.30%
39117,11.00%
39119,14.30%
39121,15.30%
39123,11.90%
39125,12.00%
39127,15.50%
39129,13.00%
39131,18.10%
39133,11.70%
39135,11.30%
39137,8.40%
39139,14.30%
39141,15.50%
39143,12.70%
39145,19.00%
39147,12.90%
39149,12.00%
39151,13.10%
39153,12.50%
39155,15.90%
39157,13.00%
39159,7.80%
39161,11.10%
39163,17.40%
39165,8.20%
39167,14.50%
39169,11.00%
39171,12.40%
39173,11.50%
39175,10.90%
40001,19.00%
40003,10.90%
40005,16.70%
40007,8.10%
40009,15.30%
40011,12.40%
40013,15.40%
40015,15.10%
40017,9.90%
40019,15.50%
40021,16.70%
40023,19.60%
40025,12.80%
40027,11.30%
40029,18.70%
40031,14.90%
40033,16.60%
40035,15.90%
40037,13.10%
40039,12.10%
40041,15.60%
40043,12.10%
40045,13.60%
40047,13.10%
40049,14.00%
40051,12.20%
40053,11.00%
40055,15.60%
40057,12.00%
40059,13.50%
40061,17.90%
40063,17.10%
40065,12.50%
40067,17.20%
40069,17.40%
40071,15.30%
40073,9.50%
40075,16.70%
40077,17.80%
40079,17.10%
40081,13.70%
40083,11.00%
40085,13.10%
40087,9.90%
40089,17.90%
40091,18.90%
40093,12.10%
40095,14.80%
40097,15.40%
40099,15.40%
40101,16.10%
40103,11.30%
40105,14.40%
40107,18.30%
40109,13.10%
40111,16.00%
40113,13.40%
40115,16.50%
40117,14.00%
40119,14.90%
40121,16.70%
40123,13.10%
40125,14.30%
40127,18.00%
40129,13.00%
40131,11.30%
40133,18.70%
40135,16.90%
40137,15.20%
40139,11.40%
40141,15.80%
40143,13.10%
40145,11.70%
40147,13.10%
40149,13.20%
40151,11.70%
40153,12.90%
41001,13.20%
41003,10.10%
41005,8.30%
41007,12.50%
41009,10.30%
41011,14.60%
41013,11.50%
41015,13.00%
41017,9.80%
41019,12.50%
41021,11.40%
41023,14.30%
41025,10.00%
41027,5.90%
41029,11.50%
41031,12.10%
41033,13.50%
41035,14.70%
41037,13.10%
41039,13.20%
41041,15.40%
41043,11.70%
41045,12.40%
41047,10.60%
41049,9.30%
41051,11.50%
41053,9.60%
41055,11.20%
41057,11.80%
41059,11.00%
41061,11.70%
41063,10.90%
41065,10.80%
41067,8.00%
41069,11.60%
41071,9.80%
42001,8.20%
42003,10.80%
42005,12.10%
42007,11.30%
42009,11.30%
42011,10.20%
42013,12.60%
42015,11.10%
42017,7.30%
42019,8.70%
42021,13.20%
42023,17.10%
42025,12.00%
42027,8.40%
42029,6.00%
42031,12.40%
42033,12.90%
42035,13.00%
42037,11.30%
42039,12.40%
42041,8.00%
42043,10.10%
42045,9.10%
42047,12.40%
42049,12.90%
42051,15.30%
42053,14.80%
42055,9.70%
42057,12.50%
42059,12.70%
42061,11.60%
42063,12.60%
42065,12.30%
42067,9.50%
42069,12.70%
42071,8.70%
42073,12.70%
42075,9.80%
42077,10.60%
42079,12.90%
42081,12.10%
42083,14.20%
42085,13.30%
42087,12.10%
42089,10.40%
42091,7.00%
42093,9.60%
42095,8.90%
42097,12.40%
42099,8.60%
42101,15.80%
42103,10.30%
42105,12.10%
42107,12.30%
42109,9.90%
42111,11.30%
42113,10.90%
42115,10.70%
42117,12.30%
42119,9.40%
42121,13.00%
42123,11.30%
42125,10.40%
42127,11.30%
42129,10.50%
42131,10.30%
42133,8.90%
44001,7.50%
44003,9.40%
44005,8.40%
44007,11.60%
44009,7.30%
45001,11.30%
45003,9.10%
45005,15.90%
45007,10.30%
45009,12.20%
45011,15.80%
45013,7.40%
45015,8.50%
45017,11.40%
45019,9.00%
45021,12.80%
45023,12.50%
45025,12.70%
45027,12.80%
45029,11.20%
45031,13.10%
45033,15.30%
45035,8.60%
45037,9.30%
45039,10.90%
45041,10.10%
45043,10.80%
45045,8.70%
45047,11.70%
45049,9.60%
45051,12.00%
45053,9.90%
45055,9.90%
45057,9.10%
45059,13.00%
45061,13.30%
45063,8.10%
45065,10.30%
45067,12.60%
45069,17.50%
45071,9.80%
45073,11.50%
45075,12.90%
45077,10.20%
45079,9.40%
45081,9.70%
45083,10.50%
45085,11.10%
45087,14.40%
45089,13.40%
45091,7.50%
46003,5.20%
46005,9.10%
46007,15.50%
46009,9.50%
46011,8.00%
46013,7.60%
46015,11.10%
46017,21.30%
46019,8.40%
46021,5.30%
46023,12.90%
46025,6.20%
46027,10.60%
46029,9.90%
46031,20.10%
46033,9.80%
46035,10.00%
46037,10.20%
46039,6.60%
46041,18.60%
46043,7.00%
46045,5.20%
46047,12.70%
46049,12.80%
46051,6.70%
46053,8.90%
46055,9.90%
46057,5.20%
46059,8.00%
46061,8.30%
46063,6.50%
46065,8.40%
46067,7.70%
46069,5.00%
46071,20.10%
46073,7.20%
46075,8.40%
46077,7.20%
46079,7.80%
46081,10.60%
46083,4.60%
46085,14.00%
46087,7.00%
46089,9.00%
46091,6.20%
46093,6.90%
46095,22.50%
46097,9.50%
46099,7.60%
46101,9.30%
46102,25.80%
46103,10.20%
46105,7.70%
46107,6.50%
46109,12.40%
46111,8.60%
46115,6.90%
46117,5.00%
46119,6.60%
46121,26.40%
46123,9.60%
46125,7.30%
46127,7.80%
46129,10.60%
46135,8.60%
46137,20.80%
47001,14.80%
47003,12.80%
47005,17.40%
47007,18.20%
47009,10.80%
47011,13.90%
47013,18.40%
47015,14.10%
47017,14.90%
47019,16.50%
47021,11.10%
47023,11.00%
47025,18.20%
47027,18.60%
47029,18.80%
47031,14.60%
47033,12.80%
47035,13.80%
47037,12.40%
47039,15.20%
47041,17.00%
47043,12.00%
47045,15.80%
47047,10.70%
47049,16.20%
47051,15.20%
47053,13.90%
47055,13.60%
47057,15.70%
47059,16.30%
47061,17.90%
47063,14.60%
47065,12.00%
47067,21.70%
47069,14.50%
47071,14.60%
47073,16.00%
47075,14.60%
47077,15.70%
47079,16.30%
47081,12.60%
47083,14.50%
47085,13.90%
47087,15.80%
47089,13.90%
47091,17.00%
47093,11.40%
47095,21.20%
47097,17.00%
47099,15.20%
47101,16.30%
47103,13.20%
47105,11.10%
47107,15.00%
47109,15.80%
47111,14.60%
47113,13.90%
47115,15.60%
47117,14.70%
47119,10.70%
47121,14.70%
47123,15.80%
47125,12.10%
47127,10.10%
47129,17.00%
47131,16.20%
47133,15.30%
47135,18.80%
47137,15.80%
47139,13.30%
47141,13.80%
47143,16.60%
47145,13.40%
47147,10.50%
47149,10.10%
47151,19.60%
47153,17.20%
47155,15.00%
47157,13.70%
47159,13.10%
47161,13.30%
47163,14.80%
47165,10.70%
47167,11.70%
47169,10.90%
47171,16.10%
47173,15.50%
47175,16.70%
47177,17.00%
47179,13.80%
47181,14.30%
47183,14.90%
47185,13.70%
47187,6.10%
47189,9.70%
48001,13.90%
48003,12.00%
48005,17.40%
48007,18.60%
48009,13.70%
48011,10.50%
48013,11.60%
48015,13.50%
48017,10.20%
48019,14.90%
48021,12.00%
48023,15.70%
48025,16.90%
48027,15.10%
48029,14.60%
48031,12.90%
48033,11.70%
48035,15.50%
48037,16.00%
48039,11.60%
48041,15.00%
48043,15.80%
48045,15.40%
48047,23.90%
48049,15.00%
48051,13.40%
48053,12.10%
48055,13.90%
48057,12.00%
48059,13.90%
48061,17.90%
48063,16.70%
48065,11.00%
48067,17.40%
48069,10.90%
48071,14.50%
48073,14.60%
48075,13.70%
48077,15.10%
48079,19.00%
48081,15.50%
48083,16.60%
48085,10.90%
48087,15.40%
48089,11.20%
48091,12.10%
48093,14.50%
48095,13.80%
48097,14.80%
48099,15.20%
48101,19.50%
48103,10.40%
48105,14.50%
48107,15.80%
48109,19.80%
48111,12.00%
48113,14.20%
48115,18.10%
48117,10.80%
48119,16.50%
48121,11.20%
48123,15.60%
48125,16.20%
48127,23.10%
48129,12.50%
48131,17.90%
48133,17.90%
48135,14.30%
48137,12.30%
48139,11.10%
48141,15.10%
48143,13.80%
48145,18.30%
48147,13.90%
48149,12.40%
48151,13.70%
48153,13.00%
48155,12.70%
48157,10.20%
48159,12.00%
48161,17.00%
48163,14.50%
48165,13.40%
48167,14.10%
48169,16.90%
48171,13.00%
48173,13.30%
48175,14.10%
48177,13.10%
48179,15.70%
48181,14.60%
48183,16.80%
48185,15.00%
48187,11.10%
48189,14.00%
48191,17.00%
48193,17.10%
48195,11.10%
48197,15.20%
48199,16.10%
48201,14.90%
48203,16.00%
48205,10.90%
48207,15.30%
48209,12.00%
48211,12.90%
48213,16.70%
48215,19.10%
48217,14.90%
48219,14.70%
48221,13.00%
48223,14.10%
48225,16.90%
48227,16.10%
48229,18.10%
48231,15.20%
48233,14.90%
48235,13.10%
48237,15.90%
48239,14.80%
48241,19.60%
48243,15.70%
48245,18.20%
48247,19.70%
48249,18.20%
48251,12.90%
48253,13.80%
48255,13.20%
48257,12.40%
48259,10.30%
48261,10.90%
48263,14.10%
48265,14.70%
48267,16.80%
48269,23.20%
48271,16.20%
48273,17.90%
48275,13.30%
48277,18.10%
48279,15.20%
48281,14.30%
48283,14.10%
48285,12.40%
48287,12.00%
48289,17.40%
48291,16.70%
48293,16.50%
48295,13.00%
48297,17.00%
48299,14.70%
48301,24.30%
48303,14.90%
48305,15.40%
48307,16.60%
48309,15.40%
48311,9.30%
48313,13.60%
48315,18.10%
48317,11.70%
48319,12.20%
48321,17.40%
48323,20.10%
48325,12.20%
48327,16.80%
48329,12.10%
48331,15.50%
48333,13.40%
48335,13.30%
48337,16.40%
48339,12.50%
48341,10.30%
48343,18.90%
48345,13.30%
48347,18.60%
48349,15.40%
48351,20.80%
48353,15.60%
48355,15.20%
48357,12.80%
48359,12.20%
48361,17.00%
48363,15.90%
48365,16.00%
48367,12.10%
48369,10.60%
48371,13.70%
48373,18.20%
48375,16.10%
48377,28.70%
48379,14.90%
48381,11.90%
48383,12.00%
48385,21.30%
48387,17.10%
48389,11.90%
48391,15.80%
48393,12.80%
48395,14.30%
48397,8.80%
48399,13.80%
48401,13.50%
48403,20.80%
48405,23.00%
48407,16.50%
48409,16.20%
48411,14.30%
48413,13.60%
48415,14.10%
48417,14.20%
48419,17.80%
48421,11.70%
48423,14.30%
48425,15.10%
48427,23.60%
48429,17.00%
48431,7.60%
48433,12.50%
48435,13.60%
48437,17.60%
48439,13.10%
48441,14.90%
48443,9.10%
48445,17.20%
48447,18.40%
48449,14.30%
48451,13.50%
48453,12.60%
48455,19.20%
48457,19.70%
48459,16.80%
48461,9.90%
48463,15.80%
48465,15.10%
48467,14.80%
48469,15.30%
48471,15.10%
48473,13.00%
48475,12.60%
48477,12.70%
48479,16.20%
48481,14.40%
48483,16.10%
48485,16.80%
48487,18.40%
48489,19.00%
48491,10.70%
48493,10.80%
48495,12.10%
48497,13.60%
48499,15.60%
48501,13.40%
48503,13.90%
48505,21.40%
48507,22.80%
49001,8.10%
49003,9.90%
49005,10.40%
49007,13.90%
49009,7.70%
49011,7.80%
49013,14.10%
49015,12.10%
49017,16.60%
49019,15.10%
49021,12.60%
49023,10.80%
49025,13.90%
49027,11.10%
49029,5.50%
49031,17.30%
49033,11.60%
49035,9.70%
49037,19.10%
49039,11.00%
49041,12.20%
49043,8.20%
49045,8.50%
49047,14.20%
49049,9.10%
49051,8.70%
49053,11.10%
49055,13.10%
49057,9.50%
50001,8.30%
50003,11.30%
50005,10.80%
50007,8.90%
50009,12.20%
50011,9.10%
50013,7.10%
50015,11.20%
50017,9.00%
50019,12.00%
50021,11.00%
50023,9.30%
50025,12.10%
50027,9.40%
51001,11.80%
51003,7.60%
51005,12.80%
51007,8.60%
51009,9.20%
51011,10.50%
51013,7.10%
51015,8.20%
51017,14.40%
51019,7.90%
51021,10.60%
51023,6.70%
51025,12.10%
51027,19.60%
51029,11.70%
51031,9.50%
51033,7.40%
51035,13.70%
51036,9.10%
51037,15.10%
51041,6.40%
51043,7.00%
51045,11.10%
51047,7.30%
51049,8.70%
51051,19.00%
51053,8.90%
51057,11.00%
51059,5.70%
51061,5.80%
51063,8.90%
51065,6.20%
51067,10.50%
51069,6.60%
51071,9.80%
51073,8.50%
51075,5.40%
51077,12.50%
51079,8.40%
51081,9.30%
51083,11.70%
51085,5.70%
51087,8.20%
51089,12.90%
51091,9.60%
51093,8.20%
51095,7.70%
51097,7.50%
51099,5.60%
51101,6.50%
51103,11.10%
51105,19.10%
51107,3.90%
51109,9.10%
51111,11.10%
51113,7.90%
51115,8.60%
51117,12.10%
51119,8.90%
51121,10.60%
51125,9.70%
51127,4.50%
51131,12.60%
51133,9.00%
51135,11.50%
51137,9.20%
51139,13.10%
51141,12.10%
51143,11.70%
51145,5.20%
51147,13.40%
51149,7.40%
51153,5.20%
51155,13.40%
51157,8.10%
51159,10.50%
51161,7.60%
51163,10.90%
51165,7.80%
51167,16.10%
51169,14.00%
51171,10.90%
51173,15.70%
51175,7.50%
51177,6.70%
51179,5.00%
51181,10.50%
51183,9.60%
51185,14.70%
51187,9.70%
51191,12.50%
51193,10.70%
51195,17.30%
51197,12.70%
51199,6.60%
51510,8.40%
51520,17.50%
51530,12.40%
51540,12.40%
51550,6.90%
51570,10.30%
51580,10.90%
51590,16.30%
51595,15.60%
51600,6.50%
51610,4.60%
51620,12.80%
51630,11.80%
51640,16.40%
51650,11.30%
51660,11.60%
51670,17.10%
51678,13.20%
51680,12.30%
51683,5.40%
51685,5.60%
51690,18.40%
51700,12.40%
51710,13.20%
51720,21.00%
51730,18.30%
51735,6.30%
51740,12.30%
51750,15.60%
51760,14.00%
51770,13.20%
51775,9.30%
51790,11.70%
51800,7.20%
51810,7.70%
51820,12.80%
51830,11.00%
51840,12.60%
53001,12.20%
53003,11.30%
53005,9.80%
53007,11.00%
53009,13.80%
53011,9.90%
53013,10.10%
53015,13.50%
53017,10.90%
53019,17.30%
53021,9.70%
53023,11.70%
53025,10.90%
53027,14.80%
53029,9.80%
53031,13.00%
53033,8.90%
53035,9.70%
53037,11.70%
53039,12.30%
53041,13.00%
53043,11.20%
53045,12.60%
53047,15.20%
53049,14.20%
53051,12.40%
53053,10.60%
53055,9.80%
53057,11.00%
53059,10.80%
53061,8.90%
53063,12.10%
53065,13.00%
53067,10.30%
53069,11.40%
53071,10.00%
53073,11.80%
53075,12.30%
53077,11.80%
54001,14.00%
54003,8.30%
54005,15.60%
54007,14.80%
54009,11.60%
54011,14.80%
54013,20.30%
54015,20.60%
54017,9.40%
54019,16.40%
54021,10.50%
54023,9.40%
54025,13.60%
54027,11.40%
54029,12.60%
54031,11.10%
54033,12.00%
54035,13.50%
54037,7.00%
54039,13.10%
54041,14.40%
54043,16.40%
54045,19.90%
54047,22.00%
54049,12.30%
54051,12.80%
54053,11.50%
54055,15.30%
54057,11.10%
54059,22.50%
54061,10.80%
54063,11.70%
54065,6.60%
54067,14.80%
54069,11.90%
54071,9.50%
54073,10.80%
54075,15.10%
54077,11.00%
54079,8.60%
54081,15.20%
54083,13.00%
54085,13.20%
54087,18.50%
54089,15.80%
54091,12.40%
54093,11.30%
54095,12.50%
54097,13.80%
54099,15.10%
54101,18.00%
54103,14.50%
54105,17.20%
54107,12.80%
54109,17.90%
55001,11.70%
55003,12.70%
55005,9.20%
55007,11.10%
55009,8.10%
55011,8.80%
55013,11.40%
55015,4.90%
55017,8.40%
55019,7.90%
55021,6.90%
55023,10.40%
55025,7.00%
55027,7.40%
55029,8.00%
55031,11.30%
55033,8.40%
55035,8.80%
55037,10.00%
55039,7.70%
55041,13.80%
55043,8.80%
55045,7.20%
55047,9.30%
55049,7.50%
55051,13.20%
55053,10.80%
55055,7.30%
55057,11.40%
55059,9.10%
55061,6.30%
55063,8.10%
55065,7.70%
55067,10.40%
55069,8.20%
55071,8.10%
55073,7.60%
55075,10.70%
55077,9.70%
55078,20.00%
55079,11.80%
55081,8.50%
55083,8.00%
55085,8.40%
55087,6.90%
55089,5.30%
55091,8.40%
55093,7.30%
55095,8.80%
55097,7.90%
55099,10.20%
55101,9.20%
55103,9.40%
55105,9.70%
55107,9.90%
55109,6.30%
55111,9.00%
55113,11.60%
55115,8.90%
55117,6.80%
55119,7.60%
55121,7.60%
55123,9.40%
55125,9.90%
55127,7.30%
55129,10.20%
55131,5.80%
55133,5.50%
55135,8.30%
55137,8.60%
55139,8.40%
55141,9.40%
56001,11.10%
56003,10.60%
56005,11.30%
56007,10.70%
56009,10.30%
56011,9.10%
56013,13.10%
56015,10.40%
56017,12.80%
56019,13.20%
56021,9.90%
56023,9.30%
56025,12.10%
56027,14.40%
56029,9.60%
56031,11.40%
56033,10.50%
56035,10.70%
56037,11.50%
56039,9.10%
56041,11.10%
56043,10.60%
56045,11.00%
1001,15.70%
1003,13.40%
1005,20.70%
1007,16.30%
1009,14.50%
1011,15.70%
1013,16.50%
1015,17.20%
1017,15.40%
1019,16.10%
1021,17.20%
1023,18.90%
1025,18.60%
1027,16.50%
1029,18.20%
1031,15.70%
1033,16.50%
1035,16.00%
1037,15.00%
1039,18.10%
1041,15.50%
1043,16.40%
1045,17.80%
1047,19.00%
1049,17.20%
1051,13.90%
1053,17.70%
1055,16.80%
1057,18.80%
1059,16.30%
1061,19.80%
1063,22.20%
1065,16.90%
1067,14.50%
1069,16.40%
1071,18.10%
1073,14.40%
1075,18.70%
1077,15.50%
1079,17.70%
1081,14.90%
1083,14.30%
1085,19.30%
1087,15.40%
1089,13.00%
1091,17.30%
1093,19.20%
1095,17.10%
1097,15.80%
1099,19.90%
1101,15.00%
1103,15.00%
1105,20.10%
1107,17.80%
1109,16.90%
1111,15.50%
1113,16.80%
1115,14.40%
1117,10.60%
1119,19.80%
1121,16.80%
1123,16.40%
1125,14.30%
1127,18.60%
1129,18.40%
1131,20.10%
1133,18.70%
2013,11.00%
2016,11.50%
2020,10.90%
2050,22.50%
2060,12.70%
2068,15.10%
2070,16.30%
2090,11.10%
2100,13.90%
2105,14.90%
2110,10.30%
2122,13.50%
2130,12.90%
2150,11.50%
2158,28.60%
2164,16.70%
2170,12.00%
2180,18.90%
2185,13.20%
2188,22.20%
2195,12.70%
2198,18.20%
2220,11.40%
2230,13.40%
2240,14.50%
2261,11.30%
2275,13.50%
2282,12.00%
2290,22.00%
4001,23.60%
4003,14.20%
4005,14.60%
4007,17.50%
4009,14.80%
4011,12.20%
4012,18.60%
4013,11.70%
4015,16.70%
4017,20.70%
4019,13.30%
4021,12.00%
4023,14.60%
4025,13.80%
4027,18.20%
5001,16.40%
5003,16.20%
5005,16.20%
5007,11.70%
5009,16.10%
5011,17.30%
5013,13.90%
5015,14.30%
5017,21.20%
5019,17.00%
5021,20.40%
5023,16.30%
5025,16.80%
5027,17.90%
5029,18.10%
5031,16.00%
5033,16.50%
5035,16.40%
5037,16.50%
5039,16.00%
5041,19.10%
5043,16.10%
5045,15.30%
5047,20.00%
5049,19.10%
5051,17.40%
5053,15.50%
5055,17.90%
5057,15.90%
5059,17.60%
5061,15.50%
5063,17.20%
5065,18.60%
5067,21.50%
5069,16.60%
5071,19.30%
5073,18.90%
5075,18.40%
5077,17.50%
5079,16.40%
5081,16.40%
5083,18.50%
5085,14.10%
5087,16.10%
5089,18.20%
5091,17.30%
5093,19.60%
5095,19.90%
5097,19.80%
5099,18.00%
5101,16.70%
5103,17.60%
5105,18.30%
5107,22.70%
5109,17.50%
5111,19.50%
5113,20.00%
5115,17.20%
5117,16.50%
5119,14.60%
5121,18.50%
5123,18.10%
5125,12.40%
5127,18.60%
5129,19.70%
5131,17.60%
5133,16.30%
5135,20.70%
5137,19.50%
5139,15.60%
5141,19.10%
5143,14.30%
5145,16.70%
5147,20.50%
5149,16.30%
6001,8.40%
6003,13.10%
6005,10.70%
6007,14.40%
6009,11.80%
6011,13.40%
6013,7.60%
6015,15.80%
6017,9.00%
6019,14.70%
6021,13.60%
6023,14.80%
6025,19.10%
6027,10.00%
6029,13.70%
6031,13.40%
6033,15.00%
6035,12.30%
6037,10.70%
6039,12.60%
6041,7.40%
6043,14.10%
6045,13.70%
6047,14.30%
6049,15.60%
6051,8.70%
6053,10.10%
6055,7.60%
6057,10.40%
6059,8.30%
6061,8.10%
6063,13.40%
6065,9.00%
6067,11.00%
6069,7.00%
6071,9.60%
6073,9.20%
6075,10.50%
6077,11.50%
6079,9.10%
6081,6.60%
6083,9.20%
6085,7.30%
6087,10.10%
6089,14.50%
6091,11.60%
6093,16.20%
6095,8.50%
6097,8.70%
6099,11.80%
6101,13.70%
6103,15.90%
6105,15.90%
6107,15.60%
6109,12.70%
6111,7.80%
6113,10.70%
6115,13.20%
8001,8.80%
8003,14.50%
8005,8.40%
8007,10.40%
8009,14.80%
8011,19.40%
8013,9.20%
8014,7.90%
8015,10.60%
8017,9.90%
8019,8.80%
8021,13.30%
8023,17.40%
8025,18.60%
8027,11.10%
8029,14.40%
8031,10.70%
8033,12.50%
8035,5.80%
8037,6.60%
8039,6.20%
8041,10.40%
8043,13.60%
8045,8.20%
8047,7.30%
8049,8.70%
8051,10.00%
8053,14.00%
8055,14.40%
8057,8.60%
8059,8.40%
8061,11.20%
8063,9.50%
8065,11.20%
8067,9.10%
8069,9.80%
8071,14.50%
8073,11.90%
8075,11.00%
8077,12.50%
8079,10.50%
8081,12.90%
8083,13.80%
8085,12.30%
8087,9.50%
8089,16.40%
8091,9.90%
8093,8.60%
8095,8.00%
8097,8.70%
8099,12.40%
8101,14.00%
8103,11.00%
8105,13.80%
8107,9.40%
8109,12.80%
8111,10.40%
8113,10.60%
8115,13.80%
8117,8.00%
8119,9.60%
8121,10.50%
8123,8.30%
8125,11.00%
9001,9.70%
9003,11.30%
9005,10.40%
9007,10.00%
9009,11.90%
9011,11.70%
9013,9.80%
9015,12.60%
10001,12.40%
10003,10.50%
10005,11.20%
11001,10.30%
12001,13.40%
12003,12.20%
12005,15.00%
12007,16.40%
12009,12.00%
12011,9.90%
12013,14.70%
12015,13.50%
12017,15.50%
12019,10.80%
12021,10.10%
12023,14.30%
12027,16.10%
12029,17.30%
12031,12.60%
12033,13.00%
12035,12.20%
12037,15.90%
12039,13.60%
12041,15.00%
12043,13.60%
12045,14.00%
12047,19.00%
12049,15.20%
12051,15.40%
12053,13.90%
12055,15.20%
12057,11.60%
12059,18.00%
12061,11.90%
12063,15.30%
12065,12.80%
12067,10.60%
12069,11.90%
12071,11.60%
12073,12.70%
12075,16.40%
12077,15.10%
12079,16.80%
12081,11.50%
12083,13.80%
12085,11.10%
12086,10.30%
12087,10.70%
12089,11.70%
12091,12.30%
12093,14.70%
12095,11.20%
12097,11.10%
12099,10.60%
12101,12.80%
12103,12.60%
12105,12.90%
12107,16.70%
12109,9.40%
12111,11.70%
12113,11.60%
12115,11.30%
12117,10.10%
12119,11.70%
12121,14.10%
12123,16.10%
12125,14.90%
12127,13.30%
12129,11.30%
12131,13.20%
12133,17.00%
13001,15.10%
13003,16.90%
13005,16.60%
13007,17.20%
13009,14.60%
13011,13.60%
13013,11.40%
13015,13.20%
13017,18.70%
13019,18.10%
13021,15.80%
13023,14.20%
13025,16.50%
13027,14.60%
13029,11.60%
13031,15.40%
13033,14.20%
13035,15.00%
13037,15.00%
13039,13.30%
13043,18.70%
13045,13.50%
13047,12.40%
13049,17.10%
13051,12.30%
13053,17.20%
13055,16.50%
13057,8.90%
13059,16.60%
13061,21.10%
13063,11.60%
13065,21.40%
13067,8.60%
13069,15.50%
13071,15.60%
13073,8.80%
13075,16.30%
13077,10.00%
13079,14.70%
13081,19.00%
13083,14.70%
13085,10.70%
13087,16.10%
13089,10.50%
13091,17.30%
13093,15.20%
13095,17.10%
13097,9.70%
13099,17.50%
13101,16.00%
13103,9.60%
13105,15.70%
13107,17.00%
13109,16.10%
13111,15.00%
13113,7.10%
13115,15.20%
13117,7.20%
13119,17.70%
13121,11.30%
13123,15.40%
13125,14.50%
13127,14.10%
13129,15.40%
13131,16.20%
13133,13.10%
13135,8.30%
13137,13.30%
13139,11.00%
13141,13.20%
13143,15.00%
13145,9.30%
13147,14.20%
13149,14.80%
13151,7.80%
13153,11.90%
13155,16.90%
13157,11.10%
13159,13.10%
13161,16.70%
13163,15.30%
13165,17.70%
13167,15.70%
13169,11.70%
13171,14.30%
13173,16.10%
13175,16.90%
13177,10.90%
13179,13.00%
13181,14.30%
13183,14.40%
13185,15.30%
13187,12.90%
13189,15.70%
13191,14.00%
13193,15.00%
13195,14.60%
13197,12.20%
13199,16.60%
13201,14.50%
13205,15.20%
13207,12.40%
13209,15.40%
13211,10.40%
13213,14.40%
13215,15.90%
13217,12.00%
13219,8.00%
13221,12.10%
13223,9.00%
13225,14.70%
13227,12.70%
13229,15.50%
13231,10.00%
13233,14.90%
13235,16.40%
13237,12.60%
13239,14.80%
13241,16.10%
13243,18.20%
13245,15.50%
13247,9.20%
13249,14.10%
13251,15.10%
13253,17.00%
13255,14.10%
13257,14.60%
13259,17.90%
13261,16.20%
13263,12.50%
13265,14.50%
13267,15.80%
13269,16.50%
13271,18.10%
13273,18.10%
13275,14.60%
13277,15.10%
13279,17.00%
13281,14.80%
13283,19.90%
13285,15.30%
13287,18.60%
13289,14.40%
13291,13.80%
13293,15.10%
13295,15.50%
13297,11.20%
13299,16.70%
13301,15.30%
13303,14.80%
13305,13.70%
13307,14.30%
13309,17.80%
13311,13.00%
13313,12.60%
13315,15.10%
13317,15.80%
13319,14.80%
13321,15.10%
15001,13.10%
15003,10.50%
15005,19.90%
15007,9.80%
15009,10.30%
16001,8.80%
16003,13.50%
16005,12.10%
16007,11.80%
16009,15.20%
16011,9.40%
16013,8.90%
16015,10.10%
16017,12.50%
16019,9.50%
16021,13.50%
16023,12.10%
16025,11.10%
16027,10.20%
16029,9.00%
16031,9.70%
16033,6.90%
16035,14.00%
16037,15.50%
16039,12.20%
16041,9.10%
16043,9.60%
16045,13.50%
16047,10.40%
16049,13.80%
16051,6.60%
16053,10.70%
16055,10.80%
16057,11.40%
16059,12.20%
16061,16.20%
16063,9.70%
16065,12.60%
16067,10.30%
16069,11.30%
16071,10.20%
16073,11.80%
16075,11.20%
16077,9.40%
16079,17.70%
16081,5.00%
16083,10.80%
16085,9.30%
16087,12.40%
17001,11.10%
17003,16.30%
17005,10.70%
17007,8.70%
17009,8.40%
17011,10.70%
17013,12.00%
17015,10.40%
17017,10.40%
17019,11.20%
17021,11.30%
17023,11.40%
17025,14.00%
17027,8.50%
17029,14.20%
17031,9.30%
17033,11.10%
17035,11.40%
17037,10.90%
17039,10.40%
17041,9.60%
17043,6.10%
17045,11.50%
17047,10.50%
17049,9.90%
17051,13.10%
17053,12.30%
17055,15.70%
17057,12.20%
17059,15.90%
17061,11.70%
17063,8.40%
17065,11.40%
17067,11.60%
17069,14.20%
17071,9.90%
17073,10.10%
17075,11.10%
17077,14.90%
17079,12.90%
17081,13.20%
17083,9.70%
17085,9.60%
17087,10.70%
17089,7.00%
17091,11.10%
17093,4.20%
17095,13.50%
17097,7.00%
17099,11.60%
17101,13.70%
17103,11.10%
17105,12.20%
17107,10.30%
17109,13.20%
17111,6.70%
17113,9.50%
17115,12.80%
17117,11.70%
17119,10.80%
17121,13.80%
17123,10.10%
17125,12.90%
17127,14.30%
17129,9.70%
17131,10.10%
17133,6.30%
17135,13.00%
17137,12.10%
17139,8.60%
17141,9.90%
17143,11.40%
17145,13.10%
17147,7.80%
17149,11.90%
17151,14.70%
17153,14.70%
17155,9.50%
17157,10.80%
17159,13.10%
17161,10.90%
17163,10.60%
17165,16.20%
17167,11.20%
17169,14.20%
17171,11.30%
17173,10.10%
17175,12.30%
17177,11.40%
17179,9.30%
17181,14.10%
17183,13.20%
17185,11.60%
17187,10.70%
17189,8.00%
17191,12.50%
17193,12.40%
17195,10.20%
17197,5.60%
17199,12.70%
17201,12.10%
17203,7.70%
18001,12.70%
18003,11.70%
18005,12.10%
18007,13.50%
18009,14.50%
18011,8.60%
18013,10.80%
18015,11.30%
18017,13.00%
18019,11.40%
18021,13.50%
18023,11.80%
18025,16.10%
18027,12.00%
18029,10.90%
18031,12.50%
18033,11.80%
18035,15.70%
18037,10.00%
18039,11.30%
18041,16.60%
18043,11.20%
18045,13.20%
18047,10.60%
18049,12.80%
18051,11.10%
18053,15.70%
18055,14.20%
18057,7.50%
18059,9.50%
18061,12.20%
18063,8.10%
18065,14.40%
18067,14.20%
18069,11.90%
18071,13.30%
18073,11.40%
18075,13.90%
18077,13.50%
18079,12.40%
18081,9.90%
18083,15.10%
18085,11.00%
18087,9.00%
18089,12.10%
18091,13.10%
18093,13.60%
18095,14.80%
18097,13.50%
18099,12.20%
18101,13.10%
18103,14.30%
18105,14.40%
18107,12.60%
18109,11.80%
18111,13.40%
18113,10.20%
18115,10.90%
18117,15.40%
18119,14.70%
18121,14.30%
18123,12.20%
18125,12.60%
18127,10.40%
18129,10.20%
18131,13.20%
18133,12.20%
18135,14.10%
18137,12.40%
18139,13.80%
18141,12.90%
18143,15.20%
18145,12.10%
18147,11.10%
18149,13.70%
18151,11.10%
18153,13.80%
18155,15.70%
18157,12.80%
18159,10.80%
18161,11.60%
18163,14.10%
18165,15.50%
18167,16.10%
18169,12.30%
18171,11.70%
18173,9.80%
18175,13.20%
18177,15.20%
18179,10.40%
18181,11.30%
18183,10.70%
19001,9.60%
19003,9.40%
19005,8.40%
19007,13.70%
19009,9.10%
19011,7.60%
19013,9.90%
19015,7.70%
19017,6.20%
19019,7.90%
19021,8.20%
19023,8.60%
19025,8.80%
19027,7.60%
19029,10.80%
19031,6.60%
19033,9.20%
19035,9.00%
19037,7.50%
19039,9.80%
19041,9.90%
19043,10.30%
19045,10.30%
19047,11.10%
19049,5.30%
19051,7.80%
19053,11.60%
19055,7.20%
19057,11.90%
19059,8.20%
19061,8.40%
19063,8.80%
19065,9.70%
19067,11.50%
19069,8.10%
19071,8.90%
19073,9.00%
19075,6.40%
19077,8.20%
19079,8.40%
19081,8.50%
19083,8.80%
19085,8.60%
19087,9.30%
19089,7.80%
19091,10.30%
19093,8.40%
19095,7.30%
19097,9.50%
19099,8.70%
19101,9.90%
19103,8.20%
19105,8.10%
19107,9.50%
19109,9.50%
19111,11.30%
19113,7.80%
19115,7.80%
19117,9.90%
19119,5.00%
19121,7.10%
19123,10.20%
19125,8.40%
19127,9.30%
19129,8.20%
19131,6.90%
19133,11.20%
19135,9.00%
19137,9.90%
19139,7.30%
19141,9.30%
19143,8.40%
19145,9.80%
19147,8.10%
19149,7.60%
19151,9.10%
19153,8.20%
19155,9.20%
19157,8.20%
19159,8.50%
19161,7.60%
19163,8.90%
19165,7.50%
19167,5.30%
19169,8.50%
19171,8.60%
19173,8.40%
19175,11.30%
19177,9.90%
19179,10.70%
19181,7.00%
19183,8.40%
19185,10.90%
19187,10.60%
19189,8.50%
19191,7.30%
19193,8.90%
19195,8.80%
19197,8.90%
20001,15.30%
20003,13.50%
20005,14.30%
20007,14.40%
20009,13.10%
20011,15.50%
20013,13.30%
20015,10.80%
20017,11.50%
20019,16.10%
20021,14.70%
20023,10.80%
20025,12.00%
20027,11.80%
20029,12.30%
20031,13.30%
20033,11.40%
20035,13.60%
20037,15.90%
20039,14.60%
20041,13.30%
20043,12.80%
20045,12.80%
20047,10.10%
20049,16.40%
20051,12.40%
20053,11.30%
20055,9.10%
20057,9.60%
20059,11.70%
20061,14.00%
20063,11.70%
20065,11.40%
20067,8.50%
20069,7.70%
20071,11.00%
20073,14.40%
20075,9.60%
20077,14.20%
20079,11.20%
20081,8.20%
20083,11.00%
20085,12.50%
20087,10.10%
20089,14.10%
20091,8.50%
20093,12.00%
20095,10.60%
20097,10.10%
20099,15.90%
20101,12.10%
20103,10.80%
20105,11.50%
20107,15.80%
20109,10.80%
20111,12.10%
20113,10.70%
20115,11.00%
20117,11.10%
20119,8.60%
20121,9.90%
20123,13.20%
20125,15.80%
20127,11.10%
20129,11.40%
20131,10.90%
20133,16.40%
20135,10.70%
20137,11.00%
20139,13.90%
20141,13.20%
20143,11.00%
20145,10.90%
20147,11.40%
20149,9.20%
20151,11.40%
20153,12.30%
20155,12.60%
20157,11.50%
20159,12.50%
20161,13.50%
20163,11.20%
20165,11.80%
20167,12.30%
20169,12.30%
20171,8.50%
20173,12.40%
20175,9.30%
20177,11.60%
20179,9.40%
20181,11.70%
20183,12.50%
20185,11.50%
20187,11.80%
20189,11.70%
20191,12.60%
20193,11.40%
20195,10.60%
20197,9.40%
20199,11.00%
20201,11.40%
20203,8.10%
20205,15.00%
20207,16.70%
20209,13.50%
21001,16.70%
21003,15.20%
21005,13.50%
21007,13.70%
21009,17.60%
21011,18.10%
21013,24.80%
21015,8.70%
21017,13.40%
21019,17.00%
21021,13.50%
21023,14.30%
21025,25.30%
21027,15.70%
21029,10.70%
21031,16.30%
21033,15.60%
21035,15.10%
21037,11.50%
21039,12.90%
21041,16.10%
21043,19.60%
21045,17.70%
21047,16.20%
21049,13.80%
21051,24.70%
21053,18.40%
21055,14.40%
21057,15.60%
21059,13.60%
21061,16.50%
21063,22.40%
21065,21.50%
21067,12.00%
21069,17.10%
21071,22.40%
21073,12.20%
21075,19.40%
21077,12.70%
21079,13.30%
21081,14.10%
21083,14.80%
21085,18.00%
21087,17.00%
21089,15.60%
21091,11.80%
21093,12.60%
21095,26.60%
21097,14.60%
21099,16.60%
21101,15.70%
21103,14.60%
21105,14.20%
21107,15.30%
21109,22.70%
21111,11.70%
21113,13.80%
21115,19.70%
21117,11.40%
21119,23.10%
21121,20.90%
21123,14.30%
21125,17.20%
21127,20.20%
21129,23.80%
21131,25.90%
21133,24.00%
21135,20.30%
21137,16.00%
21139,15.60%
21141,13.60%
21143,15.10%
21145,13.80%
21147,21.80%
21149,14.00%
21151,14.50%
21153,24.80%
21155,16.40%
21157,12.00%
21159,19.20%
21161,15.70%
21163,12.90%
21165,18.70%
21167,13.50%
21169,17.60%
21171,17.50%
21173,16.30%
21175,18.30%
21177,15.10%
21179,11.30%
21181,19.90%
21183,15.40%
21185,6.70%
21187,15.50%
21189,23.40%
21191,14.00%
21193,20.80%
21195,19.70%
21197,18.10%
21199,16.90%
21201,17.80%
21203,16.80%
21205,18.80%
21207,17.50%
21209,10.80%
21211,10.30%
21213,12.90%
21215,9.80%
21217,16.00%
21219,14.20%
21221,13.10%
21223,15.10%
21225,15.60%
21227,13.20%
21229,12.80%
21231,18.50%
21233,17.40%
21235,18.50%
21237,24.80%
21239,11.20%
22001,18.20%
22003,15.10%
22005,10.20%
22007,16.60%
22009,18.40%
22011,15.50%
22013,19.00%
22015,14.10%
22017,16.20%
22019,14.20%
22021,17.80%
22023,11.70%
22025,16.00%
22027,19.70%
22029,17.50%
22031,16.70%
22033,13.20%
22035,24.70%
22037,12.50%
22039,21.50%
22041,19.90%
22043,16.80%
22045,16.30%
22047,14.60%
22049,18.10%
22051,13.30%
22053,16.00%
22055,13.60%
22057,14.40%
22059,15.60%
22061,17.90%
22063,12.50%
22065,21.80%
22067,19.00%
22069,19.70%
22071,15.80%
22073,17.00%
22075,14.70%
22077,17.30%
22079,16.00%
22081,16.50%
22083,19.10%
22085,16.20%
22087,16.30%
22089,10.30%
22091,14.10%
22093,12.70%
22095,11.60%
22097,16.80%
22099,14.20%
22101,16.50%
22103,12.20%
22105,16.70%
22107,19.90%
22109,15.90%
22111,14.50%
22113,15.60%
22115,17.70%
22117,18.80%
22119,19.20%
22121,11.30%
22123,19.30%
22125,10.50%
22127,17.30%
23001,12.80%
23003,16.00%
23005,10.10%
23007,11.80%
23009,11.80%
23011,12.90%
23013,11.00%
23015,12.20%
23017,13.60%
23019,13.90%
23021,16.90%
23023,10.20%
23025,17.00%
23027,12.70%
23029,16.50%
23031,10.30%
24001,16.90%
24003,9.00%
24005,10.70%
24009,8.20%
24011,13.30%
24013,9.60%
24015,12.40%
24017,6.90%
24019,14.70%
24021,9.70%
24023,13.90%
24025,9.80%
24027,7.70%
24029,12.90%
24031,8.60%
24033,7.30%
24035,9.40%
24037,10.80%
24039,16.10%
24041,11.80%
24043,14.10%
24045,13.60%
24047,13.90%
24510,15.80%
25001,7.10%
25003,9.80%
25005,9.80%
25007,7.40%
25009,7.60%
25011,9.10%
25013,10.90%
25015,8.00%
25017,6.40%
25019,7.40%
25021,5.90%
25023,6.10%
25025,10.60%
25027,8.20%
26001,16.50%
26003,14.30%
26005,10.10%
26007,14.90%
26009,12.60%
26011,16.60%
26013,14.70%
26015,9.90%
26017,14.30%
26019,11.80%
26021,13.80%
26023,13.70%
26025,14.20%
26027,12.90%
26029,12.20%
26031,16.80%
26033,17.00%
26035,18.70%
26037,9.70%
26039,15.90%
26041,14.80%
26043,13.60%
26045,11.80%
26047,12.80%
26049,15.20%
26051,16.20%
26053,15.10%
26055,11.20%
26057,14.40%
26059,14.10%
26061,15.00%
26063,13.50%
26065,13.80%
26067,11.40%
26069,16.40%
26071,14.40%
26073,15.20%
26075,13.10%
26077,12.30%
26079,15.60%
26081,10.60%
26083,12.30%
26085,18.10%
26087,11.90%
26089,9.30%
26091,12.10%
26093,8.50%
26095,16.30%
26097,17.90%
26099,11.80%
26101,13.40%
26103,13.90%
26105,14.50%
26107,15.40%
26109,13.90%
26111,11.80%
26113,14.60%
26115,11.90%
26117,13.90%
26119,18.00%
26121,13.30%
26123,14.30%
26125,9.80%
26127,14.00%
26129,17.40%
26131,15.10%
26133,15.50%
26135,16.80%
26137,14.10%
26139,9.00%
26141,15.30%
26143,18.00%
26145,14.40%
26147,13.70%
26149,13.80%
26151,14.90%
26153,17.20%
26155,12.70%
26157,14.50%
26159,13.40%
26161,10.80%
26163,15.50%
26165,14.10%
27001,11.80%
27003,5.70%
27005,9.30%
27007,12.70%
27009,9.30%
27011,10.10%
27013,9.20%
27015,7.10%
27017,9.50%
27019,4.50%
27021,11.10%
27023,9.30%
27025,6.40%
27027,8.50%
27029,13.60%
27031,10.40%
27033,9.50%
27035,9.80%
27037,5.80%
27039,5.50%
27041,8.00%
27043,9.30%
27045,8.30%
27047,9.00%
27049,7.90%
27051,9.70%
27053,7.70%
27055,7.40%
27057,10.50%
27059,7.80%
27061,11.10%
27063,7.20%
27065,10.20%
27067,8.20%
27069,9.00%
27071,12.60%
27073,8.50%
27075,8.80%
27077,9.10%
27079,7.80%
27081,9.30%
27083,9.40%
27085,7.90%
27087,15.00%
27089,8.40%
27091,10.80%
27093,7.50%
27095,11.40%
27097,9.70%
27099,9.30%
27101,8.10%
27103,8.10%
27105,8.50%
27107,8.50%
27109,6.80%
27111,8.90%
27113,9.60%
27115,10.90%
27117,9.70%
27119,9.70%
27121,8.00%
27123,9.70%
27125,9.50%
27127,8.40%
27129,8.60%
27131,7.10%
27133,7.30%
27135,7.90%
27137,10.50%
27139,4.60%
27141,5.80%
27143,7.30%
27145,8.90%
27147,7.60%
27149,7.40%
27151,10.50%
27153,9.60%
27155,9.60%
27157,8.00%
27159,12.70%
27161,8.30%
27163,4.80%
27165,8.90%
27167,9.20%
27169,8.30%
27171,5.70%
27173,9.40%
28001,21.30%
28003,18.30%
28005,20.60%
28007,21.20%
28009,17.60%
28011,23.40%
28013,19.30%
28015,17.40%
28017,17.90%
28019,19.40%
28021,23.70%
28023,18.50%
28025,17.40%
28027,22.30%
28029,17.80%
28031,18.60%
28033,12.50%
28035,21.30%
28037,16.90%
28039,19.40%
28041,19.50%
28043,18.80%
28045,19.10%
28047,19.20%
28049,15.70%
28051,26.20%
28053,24.70%
28055,29.40%
28057,17.00%
28059,17.80%
28061,17.30%
28063,24.80%
28065,18.50%
28067,18.50%
28069,20.70%
28071,15.90%
28073,16.80%
28075,18.70%
28077,18.30%
28079,21.00%
28081,16.00%
28083,22.10%
28085,18.00%
28087,16.80%
28089,11.90%
28091,20.10%
28093,15.50%
28095,16.60%
28097,20.40%
28099,21.60%
28101,20.00%
28103,20.80%
28105,18.50%
28107,17.80%
28109,18.30%
28111,20.20%
28113,21.60%
28115,17.30%
28117,20.30%
28119,23.50%
28121,12.60%
28123,19.60%
28125,20.80%
28127,16.90%
28129,17.30%
28131,19.40%
28133,22.00%
28135,20.30%
28137,16.50%
28139,19.10%
28141,20.40%
28143,18.40%
28145,17.10%
28147,19.20%
28149,17.70%
28151,24.00%
28153,18.40%
28155,19.90%
28157,24.00%
28159,19.10%
28161,17.10%
28163,22.50%
29001,15.20%
29003,11.00%
29005,14.20%
29007,14.40%
29009,16.20%
29011,17.10%
29013,13.70%
29015,17.30%
29017,15.50%
29019,12.80%
29021,14.90%
29023,19.90%
29025,14.40%
29027,11.90%
29029,14.70%
29031,13.10%
29033,13.80%
29035,15.60%
29037,10.80%
29039,15.90%
29041,14.00%
29043,11.60%
29045,14.30%
29047,10.40%
29049,11.20%
29051,11.00%
29053,13.00%
29055,16.80%
29057,16.10%
29059,15.90%
29061,13.10%
29063,12.90%
29065,18.30%
29067,17.90%
29069,20.10%
29071,12.10%
29073,12.40%
29075,14.00%
29077,14.70%
29079,15.50%
29081,15.60%
29083,17.40%
29085,17.30%
29087,12.80%
29089,12.80%
29091,18.80%
29093,19.60%
29095,12.90%
29097,14.70%
29099,11.20%
29101,13.00%
29103,15.60%
29105,16.50%
29107,13.00%
29109,15.20%
29111,14.60%
29113,12.10%
29115,14.60%
29117,14.30%
29119,15.10%
29121,13.60%
29123,16.10%
29125,15.20%
29127,15.00%
29129,11.90%
29131,15.20%
29133,18.70%
29135,11.60%
29137,14.10%
29139,14.90%
29141,17.40%
29143,18.30%
29145,13.40%
29147,14.30%
29149,19.70%
29151,9.30%
29153,21.80%
29155,20.90%
29157,10.80%
29159,14.70%
29161,16.30%
29163,13.70%
29165,9.90%
29167,15.00%
29169,15.80%
29171,15.10%
29173,12.10%
29175,15.20%
29177,12.30%
29179,17.70%
29181,21.70%
29183,8.10%
29185,16.70%
29186,11.90%
29187,16.10%
29189,10.10%
29195,14.30%
29197,16.40%
29199,12.90%
29201,16.50%
29203,21.80%
29205,14.60%
29207,18.10%
29209,14.40%
29211,12.60%
29213,16.00%
29215,19.90%
29217,14.80%
29219,12.50%
29221,17.80%
29223,21.10%
29225,15.10%
29227,13.40%
29229,19.50%
29510,15.80%
30001,10.90%
30003,15.70%
30005,18.30%
30007,8.90%
30009,9.20%
30011,9.80%
30013,10.40%
30015,11.20%
30017,10.40%
30019,6.00%
30021,9.60%
30023,14.30%
30025,8.10%
30027,10.50%
30029,9.20%
30031,7.30%
30033,6.60%
30035,18.40%
30037,11.50%
30039,10.20%
30041,13.00%
30043,7.10%
30045,9.80%
30047,12.70%
30049,8.70%
30051,12.30%
30053,14.60%
30055,6.40%
30057,8.20%
30059,10.10%
30061,14.80%
30063,10.20%
30065,10.40%
30067,9.40%
30069,8.80%
30071,10.50%
30073,11.90%
30075,9.60%
30077,10.40%
30079,10.60%
30081,10.90%
30083,7.40%
30085,15.90%
30087,13.20%
30089,13.40%
30091,7.80%
30093,12.30%
30095,6.90%
30097,7.40%
30099,10.50%
30101,10.80%
30103,12.80%
30105,9.70%
30107,10.30%
30109,7.80%
30111,8.40%
31001,13.00%
31003,12.30%
31005,15.00%
31007,11.30%
31009,14.50%
31011,10.30%
31013,12.90%
31015,12.10%
31017,12.60%
31019,12.00%
31021,13.30%
31023,10.10%
31025,9.80%
31027,9.80%
31029,10.70%
31031,11.70%
31033,12.90%
31035,11.70%
31037,9.00%
31039,10.20%
31041,12.90%
31043,11.90%
31045,12.50%
31047,11.30%
31049,11.90%
31051,10.70%
31053,13.00%
31055,11.70%
31057,11.80%
31059,11.30%
31061,14.30%
31063,13.10%
31065,13.30%
31067,13.30%
31069,11.70%
31071,11.40%
31073,10.40%
31075,13.90%
31077,11.50%
31079,11.80%
31081,9.50%
31083,12.30%
31085,12.50%
31087,14.20%
31089,11.20%
31091,16.00%
31093,11.60%
31095,13.60%
31097,11.60%
31099,10.90%
31101,13.10%
31103,10.90%
31105,12.80%
31107,11.90%
31109,11.90%
31111,12.70%
31113,11.90%
31115,12.90%
31117,14.40%
31119,12.50%
31121,13.40%
31123,11.40%
31125,12.50%
31127,12.70%
31129,12.80%
31131,12.40%
31133,14.40%
31135,9.60%
31137,11.20%
31139,10.40%
31141,9.90%
31143,9.90%
31145,12.40%
31147,13.50%
31149,10.30%
31151,11.80%
31153,9.20%
31155,10.90%
31157,13.10%
31159,10.20%
31161,15.40%
31163,13.60%
31165,10.80%
31167,9.10%
31169,11.70%
31171,12.20%
31173,18.80%
31175,11.90%
31177,10.90%
31179,10.90%
31181,12.10%
31183,13.70%
31185,11.50%
32001,12.90%
32003,11.80%
32005,11.10%
32007,9.90%
32009,13.10%
32011,11.10%
32013,10.40%
32015,9.00%
32017,10.90%
32019,12.80%
32021,15.10%
32023,16.00%
32027,11.50%
32029,10.60%
32031,11.00%
32033,11.60%
32510,13.80%
33001,9.40%
33003,9.30%
33005,9.50%
33007,12.40%
33009,9.70%
33011,8.60%
33013,8.40%
33015,6.80%
33017,9.10%
33019,10.10%
34001,10.60%
34003,6.70%
34005,6.60%
34007,9.50%
34009,11.30%
34011,11.30%
34013,10.70%
34015,7.50%
34017,11.10%
34019,5.50%
34021,8.20%
34023,7.40%
34025,7.10%
34027,5.80%
34029,9.00%
34031,10.10%
34033,10.70%
34035,5.20%
34037,6.50%
34039,7.30%
34041,8.60%
35001,12.80%
35003,17.40%
35005,13.80%
35006,19.60%
35007,15.60%
35009,15.40%
35011,13.40%
35013,15.50%
35015,11.00%
35017,16.30%
35019,13.50%
35021,15.90%
35023,16.70%
35025,10.90%
35027,12.30%
35028,7.60%
35029,21.40%
35031,22.60%
35033,15.60%
35035,16.70%
35037,16.30%
35039,14.10%
35041,17.00%
35043,11.10%
35045,16.50%
35047,18.20%
35049,10.60%
35051,20.60%
35053,19.10%
35055,14.00%
35057,16.30%
35059,15.10%
35061,12.60%
36001,10.40%
36003,13.80%
36005,16.40%
36007,13.40%
36009,13.80%
36011,11.40%
36013,13.90%
36015,12.10%
36017,12.90%
36019,13.00%
36021,10.30%
36023,12.50%
36025,13.60%
36027,8.50%
36029,11.40%
36031,11.00%
36033,13.70%
36035,13.30%
36037,10.70%
36039,11.60%
36041,13.20%
36043,12.60%
36045,13.60%
36047,13.50%
36049,11.90%
36051,10.30%
36053,9.90%
36055,11.30%
36057,14.40%
36059,4.90%
36061,12.70%
36063,11.80%
36065,12.40%
36067,11.10%
36069,9.40%
36071,9.10%
36073,11.90%
36075,13.40%
36077,12.00%
36079,6.00%
36081,9.70%
36083,10.90%
36085,8.70%
36087,9.00%
36089,14.20%
36091,8.10%
36093,10.30%
36095,11.60%
36097,13.50%
36099,11.50%
36101,12.30%
36103,6.00%
36105,11.70%
36107,10.50%
36109,11.60%
36111,11.00%
36113,11.00%
36115,11.10%
36117,10.70%
36119,7.50%
36121,10.30%
36123,10.00%
37001,13.70%
37003,14.30%
37005,18.50%
37007,14.50%
37009,15.40%
37011,16.00%
37013,15.60%
37015,15.70%
37017,17.10%
37019,13.50%
37021,13.50%
37023,16.40%
37025,10.80%
37027,15.60%
37029,11.50%
37031,14.20%
37033,15.00%
37035,13.50%
37037,11.70%
37039,16.60%
37041,14.50%
37043,15.40%
37045,16.40%
37047,17.00%
37049,14.90%
37051,16.00%
37053,11.90%
37055,12.30%
37057,14.70%
37059,13.60%
37061,15.60%
37063,12.10%
37065,16.70%
37067,13.20%
37069,12.60%
37071,14.30%
37073,14.00%
37075,17.60%
37077,12.40%
37079,16.10%
37081,13.10%
37083,17.60%
37085,14.00%
37087,14.90%
37089,12.90%
37091,15.70%
37093,15.60%
37095,19.20%
37097,12.10%
37099,15.80%
37101,12.10%
37103,18.10%
37105,14.30%
37107,17.70%
37109,13.00%
37111,16.50%
37113,15.70%
37115,15.50%
37117,15.60%
37119,10.80%
37121,15.60%
37123,13.80%
37125,12.60%
37127,13.70%
37129,14.30%
37131,15.50%
37133,15.40%
37135,11.60%
37137,13.80%
37139,14.10%
37141,13.20%
37143,14.50%
37145,14.30%
37147,15.40%
37149,14.00%
37151,14.60%
37153,18.10%
37155,19.10%
37157,15.30%
37159,14.40%
37161,17.00%
37163,15.10%
37165,19.70%
37167,13.50%
37169,14.20%
37171,15.90%
37173,16.90%
37175,14.40%
37177,18.10%
37179,9.40%
37181,16.60%
37183,10.10%
37185,14.90%
37187,17.10%
37189,15.20%
37191,15.40%
37193,16.30%
37195,15.90%
37197,14.50%
37199,16.40%
38001,4.70%
38003,6.80%
38005,15.30%
38007,5.60%
38009,6.60%
38011,4.10%
38013,3.20%
38015,4.80%
38017,5.90%
38019,5.20%
38021,3.40%
38023,5.30%
38025,4.40%
38027,8.90%
38029,6.50%
38031,5.10%
38033,5.90%
38035,7.60%
38037,6.70%
38039,5.90%
38041,4.90%
38043,6.80%
38045,7.00%
38047,4.10%
38049,5.50%
38051,6.20%
38053,6.10%
38055,4.70%
38057,4.70%
38059,4.60%
38061,5.90%
38063,7.80%
38065,4.70%
38067,5.00%
38069,7.80%
38071,8.90%
38073,5.30%
38075,3.10%
38077,5.70%
38079,15.60%
38081,3.80%
38083,7.50%
38085,18.20%
38087,5.60%
38089,5.30%
38091,2.90%
38093,7.40%
38095,6.50%
38097,4.50%
38099,5.90%
38101,5.60%
38103,6.20%
38105,4.50%
39001,19.00%
39003,13.30%
39005,13.60%
39007,16.30%
39009,18.90%
39011,10.30%
39013,13.90%
39015,15.10%
39017,11.80%
39019,13.30%
39021,12.30%
39023,14.50%
39025,11.50%
39027,15.40%
39029,14.50%
39031,14.80%
39033,15.10%
39035,13.90%
39037,12.30%
39039,11.00%
39041,7.60%
39043,13.00%
39045,11.00%
39047,15.70%
39049,12.80%
39051,10.40%
39053,17.60%
39055,8.70%
39057,12.00%
39059,17.00%
39061,12.80%
39063,11.50%
39065,14.00%
39067,15.40%
39069,11.10%
39071,17.10%
39073,14.60%
39075,10.40%
39077,14.00%
39079,17.80%
39081,16.40%
39083,13.20%
39085,10.80%
39087,17.60%
39089,12.40%
39091,12.20%
39093,12.40%
39095,15.10%
39097,11.60%
39099,14.90%
39101,15.10%
39103,9.30%
39105,18.50%
39107,9.30%
39109,11.70%
39111,18.10%
39113,14.30%
39115,17.60%
39117,11.60%
39119,15.00%
39121,15.80%
39123,12.60%
39125,12.30%
39127,16.70%
39129,12.90%
39131,19.10%
39133,12.70%
39135,12.20%
39137,9.10%
39139,14.00%
39141,16.10%
39143,12.50%
39145,19.70%
39147,13.00%
39149,11.40%
39151,13.40%
39153,12.70%
39155,15.60%
39157,13.40%
39159,8.90%
39161,12.10%
39163,17.50%
39165,8.50%
39167,15.50%
39169,12.00%
39171,11.90%
39173,11.50%
39175,10.80%
40001,20.20%
40003,11.40%
40005,17.80%
40007,10.10%
40009,14.20%
40011,12.90%
40013,16.60%
40015,16.20%
40017,10.60%
40019,15.20%
40021,17.20%
40023,20.60%
40025,13.70%
40027,11.80%
40029,18.60%
40031,15.30%
40033,16.10%
40035,17.30%
40037,13.90%
40039,13.30%
40041,17.20%
40043,13.30%
40045,14.30%
40047,13.50%
40049,14.10%
40051,12.70%
40053,11.20%
40055,16.80%
40057,13.10%
40059,14.10%
40061,18.30%
40063,17.50%
40065,14.20%
40067,17.70%
40069,18.00%
40071,16.60%
40073,11.20%
40075,18.10%
40077,18.70%
40079,18.10%
40081,14.20%
40083,12.00%
40085,14.00%
40087,10.00%
40089,18.70%
40091,18.90%
40093,11.90%
40095,16.60%
40097,16.80%
40099,16.00%
40101,16.70%
40103,12.50%
40105,14.90%
40107,19.10%
40109,13.30%
40111,17.30%
40113,14.20%
40115,17.40%
40117,14.90%
40119,16.10%
40121,17.00%
40123,14.30%
40125,15.20%
40127,19.20%
40129,14.40%
40131,11.60%
40133,18.50%
40135,18.20%
40137,15.30%
40139,10.90%
40141,15.00%
40143,13.60%
40145,12.10%
40147,13.60%
40149,13.80%
40151,11.90%
40153,12.40%
41001,13.10%
41003,10.80%
41005,8.40%
41007,11.80%
41009,11.40%
41011,15.20%
41013,13.10%
41015,13.80%
41017,10.20%
41019,14.00%
41021,12.10%
41023,16.60%
41025,12.80%
41027,6.60%
41029,12.70%
41031,13.80%
41033,15.00%
41035,15.40%
41037,15.70%
41039,13.60%
41041,14.40%
41043,12.70%
41045,13.90%
41047,11.20%
41049,10.20%
41051,11.20%
41053,10.50%
41055,13.40%
41057,12.70%
41059,12.80%
41061,12.50%
41063,13.70%
41065,11.80%
41067,8.40%
41069,13.60%
41071,10.20%
42001,8.20%
42003,10.40%
42005,12.10%
42007,11.00%
42009,11.50%
42011,9.40%
42013,13.00%
42015,11.60%
42017,7.20%
42019,8.90%
42021,13.50%
42023,14.20%
42025,11.70%
42027,9.30%
42029,6.30%
42031,13.30%
42033,13.00%
42035,13.30%
42037,11.70%
42039,12.40%
42041,8.10%
42043,9.70%
42045,8.50%
42047,10.70%
42049,12.50%
42051,14.60%
42053,14.70%
42055,9.80%
42057,11.30%
42059,12.90%
42061,12.20%
42063,12.50%
42065,12.90%
42067,10.70%
42069,12.70%
42071,9.00%
42073,12.70%
42075,9.80%
42077,10.00%
42079,12.50%
42081,12.10%
42083,13.70%
42085,12.60%
42087,12.40%
42089,9.40%
42091,6.90%
42093,10.50%
42095,8.60%
42097,12.70%
42099,9.60%
42101,14.40%
42103,9.90%
42105,13.40%
42107,12.00%
42109,10.90%
42111,11.90%
42113,12.10%
42115,11.40%
42117,12.70%
42119,10.10%
42121,12.80%
42123,11.70%
42125,10.10%
42127,11.20%
42129,10.40%
42131,10.60%
42133,9.00%
44001,7.60%
44003,8.60%
44005,8.60%
44007,11.00%
44009,7.40%
45001,12.50%
45003,10.00%
45005,13.40%
45007,11.00%
45009,13.30%
45011,16.50%
45013,8.10%
45015,8.70%
45017,12.00%
45019,9.20%
45021,12.70%
45023,12.20%
45025,12.30%
45027,13.70%
45029,11.50%
45031,12.40%
45033,17.00%
45035,8.70%
45037,10.20%
45039,11.30%
45041,10.80%
45043,11.10%
45045,9.00%
45047,12.30%
45049,10.00%
45051,11.70%
45053,9.60%
45055,9.90%
45057,9.10%
45059,13.40%
45061,12.50%
45063,9.10%
45065,10.50%
45067,12.70%
45069,15.50%
45071,10.40%
45073,12.90%
45075,12.40%
45077,11.20%
45079,9.40%
45081,9.20%
45083,10.10%
45085,11.60%
45087,13.80%
45089,13.50%
45091,7.90%
46003,7.20%
46005,11.20%
46007,20.30%
46009,9.80%
46011,9.50%
46013,9.40%
46015,11.50%
46017,23.50%
46019,10.60%
46021,7.00%
46023,13.00%
46025,9.50%
46027,11.80%
46029,10.70%
46031,23.50%
46033,11.20%
46035,11.40%
46037,11.90%
46039,9.20%
46041,19.70%
46043,8.00%
46045,6.40%
46047,13.10%
46049,10.80%
46051,8.80%
46053,11.40%
46055,10.10%
46057,6.30%
46059,9.60%
46061,8.30%
46063,8.40%
46065,9.80%
46067,9.70%
46069,9.20%
46071,23.40%
46073,8.90%
46075,9.80%
46077,8.20%
46079,10.30%
46081,11.10%
46083,5.90%
46085,14.40%
46087,8.70%
46089,11.50%
46091,8.70%
46093,8.30%
46095,25.00%
46097,8.50%
46099,9.00%
46101,10.10%
46102,27.70%
46103,11.00%
46105,9.60%
46107,8.20%
46109,13.40%
46111,9.00%
46115,9.20%
46117,6.70%
46119,7.00%
46121,27.50%
46123,11.60%
46125,9.50%
46127,8.70%
46129,10.90%
46135,10.60%
46137,22.80%
47001,15.40%
47003,12.90%
47005,17.70%
47007,19.60%
47009,11.70%
47011,14.50%
47013,19.00%
47015,14.00%
47017,16.30%
47019,18.00%
47021,11.30%
47023,12.80%
47025,18.20%
47027,19.20%
47029,19.10%
47031,13.90%
47033,14.10%
47035,15.00%
47037,11.50%
47039,15.00%
47041,15.80%
47043,13.00%
47045,16.40%
47047,11.10%
47049,17.70%
47051,14.00%
47053,14.10%
47055,13.70%
47057,16.20%
47059,16.40%
47061,18.30%
47063,14.90%
47065,11.90%
47067,21.80%
47069,14.20%
47071,16.00%
47073,17.00%
47075,14.50%
47077,15.80%
47079,16.40%
47081,15.20%
47083,15.10%
47085,14.90%
47087,17.60%
47089,13.70%
47091,17.80%
47093,12.30%
47095,20.50%
47097,17.30%
47099,15.30%
47101,16.00%
47103,13.80%
47105,11.20%
47107,16.10%
47109,16.50%
47111,15.10%
47113,12.90%
47115,15.50%
47117,13.20%
47119,10.70%
47121,15.50%
47123,15.40%
47125,12.40%
47127,10.40%
47129,17.20%
47131,17.60%
47133,14.50%
47135,19.20%
47137,17.00%
47139,14.40%
47141,14.50%
47143,17.00%
47145,14.00%
47147,11.30%
47149,9.90%
47151,19.60%
47153,17.50%
47155,13.90%
47157,12.40%
47159,14.40%
47161,14.70%
47163,15.30%
47165,10.30%
47167,12.20%
47169,11.20%
47171,17.00%
47173,16.70%
47175,16.90%
47177,17.40%
47179,14.30%
47181,15.90%
47183,15.70%
47185,14.30%
47187,6.50%
47189,9.50%
48001,14.50%
48003,9.80%
48005,17.30%
48007,18.20%
48009,14.20%
48011,12.20%
48013,12.40%
48015,13.40%
48017,10.90%
48019,16.00%
48021,12.10%
48023,16.30%
48025,16.60%
48027,15.10%
48029,13.90%
48031,13.10%
48033,13.20%
48035,16.50%
48037,16.20%
48039,11.40%
48041,15.50%
48043,15.60%
48045,15.80%
48047,22.00%
48049,15.00%
48051,13.70%
48053,13.80%
48055,14.80%
48057,14.10%
48059,15.00%
48061,17.50%
48063,16.20%
48065,12.20%
48067,17.50%
48069,11.80%
48071,12.80%
48073,15.00%
48075,16.10%
48077,15.50%
48079,16.90%
48081,15.50%
48083,16.10%
48085,11.10%
48087,15.40%
48089,11.70%
48091,12.20%
48093,14.10%
48095,13.00%
48097,14.70%
48099,16.30%
48101,23.10%
48103,8.30%
48105,12.40%
48107,16.60%
48109,19.00%
48111,12.90%
48113,14.00%
48115,18.50%
48117,12.70%
48119,18.10%
48121,11.30%
48123,14.80%
48125,18.10%
48127,20.10%
48129,15.60%
48131,17.20%
48133,17.80%
48135,11.50%
48137,13.10%
48139,11.50%
48141,14.60%
48143,14.80%
48145,19.10%
48147,14.80%
48149,13.30%
48151,15.60%
48153,13.00%
48155,14.40%
48157,9.50%
48159,14.10%
48161,17.40%
48163,15.10%
48165,13.10%
48167,14.10%
48169,15.50%
48171,13.20%
48173,11.30%
48175,13.50%
48177,13.80%
48179,15.70%
48181,15.90%
48183,16.60%
48185,15.00%
48187,11.00%
48189,14.00%
48191,19.20%
48193,17.10%
48195,15.20%
48197,16.60%
48199,15.60%
48201,13.90%
48203,15.70%
48205,11.80%
48207,18.20%
48209,12.00%
48211,12.10%
48213,17.00%
48215,18.00%
48217,15.30%
48219,14.40%
48221,13.50%
48223,15.50%
48225,17.90%
48227,15.50%
48229,17.30%
48231,16.20%
48233,16.20%
48235,14.10%
48237,15.70%
48239,14.80%
48241,17.90%
48243,10.00%
48245,16.60%
48247,18.50%
48249,16.10%
48251,12.90%
48253,15.20%
48255,13.10%
48257,12.90%
48259,11.40%
48261,14.00%
48263,19.00%
48265,14.80%
48267,18.70%
48269,17.00%
48271,17.90%
48273,17.40%
48275,15.00%
48277,18.10%
48279,15.40%
48281,15.10%
48283,13.90%
48285,13.90%
48287,12.70%
48289,17.80%
48291,15.70%
48293,16.60%
48295,13.80%
48297,15.60%
48299,16.60%
48301,17.80%
48303,15.50%
48305,16.90%
48307,17.90%
48309,15.70%
48311,12.30%
48313,14.10%
48315,18.20%
48317,10.60%
48319,14.40%
48321,16.70%
48323,18.00%
48325,12.10%
48327,17.40%
48329,10.60%
48331,16.50%
48333,16.50%
48335,12.90%
48337,17.70%
48339,12.30%
48341,11.70%
48343,18.00%
48345,15.10%
48347,18.80%
48349,16.10%
48351,19.90%
48353,15.90%
48355,14.70%
48357,12.70%
48359,12.30%
48361,16.50%
48363,17.20%
48365,15.90%
48367,12.50%
48369,12.50%
48371,12.00%
48373,18.40%
48375,16.20%
48377,24.20%
48379,16.30%
48381,12.10%
48383,9.60%
48385,20.70%
48387,18.30%
48389,10.70%
48391,15.60%
48393,14.80%
48395,13.70%
48397,9.60%
48399,15.20%
48401,13.70%
48403,20.60%
48405,21.00%
48407,17.30%
48409,15.20%
48411,15.30%
48413,12.70%
48415,13.70%
48417,15.00%
48419,17.90%
48421,14.40%
48423,14.80%
48425,18.00%
48427,21.10%
48429,16.80%
48431,8.10%
48433,15.40%
48435,12.40%
48437,17.80%
48439,13.00%
48441,15.90%
48443,9.90%
48445,15.50%
48447,18.70%
48449,15.30%
48451,14.10%
48453,12.80%
48455,18.80%
48457,18.40%
48459,16.60%
48461,11.40%
48463,14.20%
48465,14.80%
48467,15.90%
48469,14.40%
48471,15.10%
48473,13.40%
48475,11.20%
48477,14.00%
48479,15.80%
48481,14.90%
48483,16.70%
48485,17.00%
48487,19.00%
48489,18.80%
48491,11.00%
48493,10.90%
48495,11.40%
48497,14.40%
48499,16.90%
48501,9.00%
48503,14.30%
48505,19.40%
48507,21.50%
49001,11.60%
49003,10.80%
49005,12.30%
49007,15.20%
49009,8.40%
49011,9.10%
49013,13.90%
49015,13.70%
49017,16.50%
49019,13.20%
49021,14.00%
49023,12.50%
49025,14.00%
49027,12.50%
49029,7.70%
49031,17.50%
49033,14.60%
49035,10.70%
49037,18.80%
49039,12.80%
49041,13.70%
49043,8.20%
49045,9.60%
49047,13.40%
49049,10.60%
49051,9.40%
49053,12.60%
49055,13.90%
49057,11.20%
50001,8.80%
50003,11.40%
50005,11.60%
50007,9.70%
50009,12.30%
50011,9.30%
50013,7.90%
50015,10.70%
50017,10.00%
50019,12.40%
50021,10.70%
50023,10.20%
50025,12.30%
50027,9.90%
51001,11.80%
51003,8.60%
51005,14.60%
51007,8.70%
51009,10.60%
51011,10.70%
51013,7.80%
51015,8.90%
51017,10.20%
51019,9.10%
51021,10.80%
51023,7.70%
51025,12.60%
51027,20.30%
51029,11.30%
51031,10.20%
51033,7.30%
51035,12.60%
51036,8.90%
51037,15.30%
51041,6.30%
51043,8.10%
51045,10.60%
51047,7.70%
51049,11.30%
51051,19.50%
51053,9.30%
51057,11.20%
51059,5.80%
51061,6.40%
51063,10.00%
51065,6.50%
51067,10.80%
51069,7.50%
51071,10.70%
51073,9.50%
51075,6.30%
51077,14.50%
51079,8.00%
51081,9.10%
51083,11.00%
51085,6.30%
51087,8.10%
51089,13.20%
51091,10.80%
51093,8.90%
51095,7.70%
51097,8.30%
51099,6.00%
51101,7.10%
51103,9.40%
51105,19.00%
51107,4.00%
51109,9.80%
51111,12.30%
51113,8.20%
51115,10.30%
51117,13.40%
51119,9.50%
51121,11.60%
51125,10.20%
51127,6.10%
51131,12.10%
51133,9.90%
51135,12.50%
51137,8.80%
51139,14.10%
51141,12.60%
51143,12.00%
51145,6.10%
51147,11.80%
51149,7.80%
51153,4.80%
51155,13.40%
51157,9.90%
51159,10.80%
51161,8.20%
51163,11.20%
51165,8.90%
51167,17.30%
51169,15.10%
51171,11.00%
51173,16.20%
51175,8.30%
51177,6.90%
51179,4.80%
51181,10.10%
51183,9.60%
51185,15.20%
51187,9.60%
51191,13.60%
51193,10.50%
51195,18.20%
51197,13.10%
51199,7.00%
51510,8.40%
51520,17.70%
51530,15.40%
51540,12.40%
51550,7.20%
51570,11.30%
51580,11.00%
51590,15.20%
51595,16.60%
51600,6.00%
51610,6.00%
51620,10.80%
51630,12.50%
51640,17.30%
51650,10.60%
51660,12.70%
51670,15.80%
51678,16.50%
51680,13.10%
51683,5.50%
51685,5.00%
51690,15.00%
51700,11.50%
51710,12.50%
51720,19.80%
51730,16.10%
51735,7.20%
51740,11.20%
51750,15.60%
51760,13.90%
51770,13.40%
51775,10.10%
51790,11.60%
51800,7.50%
51810,7.70%
51820,13.10%
51830,12.30%
51840,13.10%
53001,13.30%
53003,12.80%
53005,10.90%
53007,11.40%
53009,14.60%
53011,10.20%
53013,14.10%
53015,14.50%
53017,11.60%
53019,19.20%
53021,10.20%
53023,12.90%
53025,12.10%
53027,14.70%
53029,10.40%
53031,13.20%
53033,8.70%
53035,10.40%
53037,12.30%
53039,13.90%
53041,13.60%
53043,12.60%
53045,13.30%
53047,15.40%
53049,15.20%
53051,14.00%
53053,10.90%
53055,9.80%
53057,11.30%
53059,11.70%
53061,8.40%
53063,12.80%
53065,14.30%
53067,10.90%
53069,11.60%
53071,11.60%
53073,11.80%
53075,13.80%
53077,12.40%
54001,14.70%
54003,9.20%
54005,16.80%
54007,16.10%
54009,11.50%
54011,14.70%
54013,19.90%
54015,20.30%
54017,11.80%
54019,15.80%
54021,11.70%
54023,10.80%
54025,12.90%
54027,13.90%
54029,11.80%
54031,10.90%
54033,12.10%
54035,13.30%
54037,7.40%
54039,12.60%
54041,15.30%
54043,16.80%
54045,18.60%
54047,22.50%
54049,12.20%
54051,12.30%
54053,12.80%
54055,16.00%
54057,12.60%
54059,20.50%
54061,11.20%
54063,13.40%
54065,8.20%
54067,14.10%
54069,10.80%
54071,11.50%
54073,11.70%
54075,14.30%
54077,11.00%
54079,8.40%
54081,13.80%
54083,13.90%
54085,14.40%
54087,17.00%
54089,16.50%
54091,12.90%
54093,12.20%
54095,13.70%
54097,13.80%
54099,16.90%
54101,17.00%
54103,15.70%
54105,15.00%
54107,13.40%
54109,18.10%
55001,12.00%
55003,13.60%
55005,10.10%
55007,11.00%
55009,8.80%
55011,9.40%
55013,11.40%
55015,6.10%
55017,9.60%
55019,9.30%
55021,7.80%
55023,10.80%
55025,7.80%
55027,8.30%
55029,8.40%
55031,11.30%
55033,9.60%
55035,9.90%
55037,10.70%
55039,8.30%
55041,13.30%
55043,9.70%
55045,7.70%
55047,10.00%
55049,8.50%
55051,13.50%
55053,10.30%
55055,8.30%
55057,11.50%
55059,9.70%
55061,8.10%
55063,9.40%
55065,8.80%
55067,11.50%
55069,9.10%
55071,9.00%
55073,8.60%
55075,12.00%
55077,10.10%
55078,21.20%
55079,11.80%
55081,9.90%
55083,8.70%
55085,8.80%
55087,7.90%
55089,6.10%
55091,9.10%
55093,7.80%
55095,9.40%
55097,9.10%
55099,11.30%
55101,9.50%
55103,10.60%
55105,10.40%
55107,11.40%
55109,6.50%
55111,9.10%
55113,12.60%
55115,9.30%
55117,7.50%
55119,9.20%
55121,8.10%
55123,10.70%
55125,11.20%
55127,8.30%
55129,11.10%
55131,6.30%
55133,6.10%
55135,9.80%
55137,9.70%
55139,9.30%
55141,10.10%
56001,12.80%
56003,13.00%
56005,11.30%
56007,11.90%
56009,11.60%
56011,10.30%
56013,13.60%
56015,12.30%
56017,14.30%
56019,13.10%
56021,11.20%
56023,10.50%
56025,12.20%
56027,15.60%
56029,11.60%
56031,13.60%
56033,10.70%
56035,12.10%
56037,11.30%
56039,9.00%
56041,12.60%
56043,11.60%
56045,12.20%