FIPS,# of Food Insecure Persons Overall (1 Year)
1001,8070
1003,27070
1005,4870
1007,3680
1009,7980
1011,1620
1013,3210
1015,18430
1017,5040
1019,3700
1021,7000
1023,2160
1025,4560
1027,1950
1029,2410
1031,7620
1033,8740
1035,1950
1037,1500
1039,6080
1041,2110
1043,12260
1045,8440
1047,7760
1049,11450
1051,10170
1053,6680
1055,16790
1057,2930
1059,4690
1061,4850
1063,1840
1065,2840
1067,2340
1069,16130
1071,8710
1073,93140
1075,2380
1077,13000
1079,5380
1081,22990
1083,12530
1085,2000
1087,3030
1089,43590
1091,3250
1093,5290
1095,14630
1097,65050
1099,3840
1101,35470
1103,16990
1105,2090
1107,3720
1109,5040
1111,3430
1113,9730
1115,11630
1117,20860
1119,2360
1121,13220
1123,6420
1125,29840
1127,11040
1129,2460
1131,2270
1133,4020
2013,330
2016,570
2020,29270
2050,3720
2060,80
2068,410
2070,720
2090,9040
2100,430
2105,300
2110,2980
2122,7550
2130,1690
2150,1330
2158,2230
2164,170
2170,11920
2180,1690
2185,1030
2188,1400
2195,360
2198,1050
2220,860
2230,220
2240,830
2275,280
2282,60
2290,980
4001,16230
4003,15880
4005,20730
4007,8550
4009,5300
4011,1020
4012,3680
4013,487340
4015,34670
4017,21160
4019,130860
4021,49680
4023,6540
4025,30260
4027,34400
5001,2610
5003,3330
5005,6540
5007,29270
5009,5780
5011,1620
5013,670
5015,3920
5017,2160
5019,3790
5021,2760
5023,4040
5025,1170
5027,4110
5029,3750
5031,17490
5033,10050
5035,8080
5037,2640
5039,1000
5041,2010
5043,2830
5045,17810
5047,3400
5049,2190
5051,17410
5053,2590
5055,7700
5057,3370
5059,5330
5061,2010
5063,5810
5065,2450
5067,3270
5069,11080
5071,4430
5073,1260
5075,2800
5077,1740
5079,2010
5081,1760
5083,3730
5085,9850
5087,2540
5089,3010
5091,7090
5093,7590
5095,1260
5097,1630
5099,1410
5101,1090
5103,4000
5105,1660
5107,4020
5109,1830
5111,4330
5113,3770
5115,9450
5117,1140
5119,57690
5121,3150
5123,4970
5125,14010
5127,1680
5129,1600
5131,21040
5133,2580
5135,3130
5137,2430
5139,6210
5141,2930
5143,31830
5145,12150
5147,1090
5149,3000
6001,154830
6003,140
6005,4160
6007,31330
6009,5240
6011,2760
6013,97160
6015,3990
6017,18100
6019,142780
6021,3520
6023,20400
6025,34270
6027,1910
6029,127510
6031,19010
6033,9610
6035,3430
6037,1271040
6039,19680
6041,19470
6043,2580
6045,12130
6047,38150
6049,1210
6051,1540
6053,44380
6055,12070
6057,10230
6059,296470
6061,31360
6063,2470
6065,237110
6067,179280
6069,5100
6071,228340
6073,336190
6075,95890
6077,90820
6079,25600
6081,53990
6083,41140
6085,144140
6087,27360
6089,24670
6091,330
6093,6510
6095,41840
6097,46040
6099,64320
6101,12060
6103,9310
6105,2000
6107,69330
6109,7050
6111,72180
6113,23210
6115,10260
8001,47260
8003,2050
8005,58220
8007,1430
8009,460
8011,810
8013,28340
8014,5310
8015,2250
8017,180
8019,940
8021,1000
8023,630
8025,950
8027,430
8029,4320
8031,79290
8033,190
8035,19700
8037,4970
8039,1470
8041,72680
8043,5870
8045,4780
8047,580
8049,1500
8051,1680
8053,80
8055,980
8057,120
8059,49260
8061,140
8063,610
8065,920
8067,5460
8069,32920
8071,1980
8073,610
8075,2320
8077,18470
8079,100
8081,1730
8083,3250
8085,4580
8087,2560
8089,2670
8091,490
8093,1410
8095,290
8097,1820
8099,1420
8101,22720
8103,650
8105,1420
8107,2450
8109,800
8111,80
8113,990
8115,290
8117,2970
8119,2540
8121,450
8123,28190
8125,810
9001,95520
9003,103890
9005,18850
9007,15900
9009,100520
9011,32590
9013,14160
9015,14930
10001,22320
10003,56430
10005,24790
11001,68820
12001,33350
12003,3000
12005,23830
12007,4150
12009,67460
12011,210540
12013,2000
12015,24000
12017,21940
12019,20470
12021,37920
12023,9330
12027,5690
12029,2450
12031,115780
12033,40300
12035,12990
12037,1760
12039,6060
12041,2260
12043,1710
12045,1900
12047,2390
12049,3860
12051,6210
12053,26250
12055,14820
12057,165220
12059,3170
12061,17650
12063,6520
12065,1770
12067,1050
12069,44100
12071,84750
12073,34920
12075,6060
12077,1280
12079,3070
12081,44000
12083,47350
12085,16750
12086,291150
12087,8520
12089,9210
12091,23190
12093,5270
12095,175830
12097,50030
12099,157710
12101,66430
12103,118890
12105,93610
12107,11930
12109,21830
12111,37400
12113,18980
12115,46190
12117,46120
12119,14800
12121,5650
12123,3330
12125,1880
12127,70350
12129,2700
12131,8410
12133,4070
13001,2620
13003,1230
13005,1800
13007,450
13009,6470
13011,2390
13013,8210
13015,12550
13017,2900
13019,3120
13021,24670
13023,1830
13025,2760
13027,2170
13029,3770
13031,10530
13033,2810
13035,3560
13037,890
13039,6280
13043,1770
13045,14890
13047,7180
13049,1940
13051,36110
13053,1650
13055,4210
13057,20340
13059,19010
13061,600
13063,35650
13065,1070
13067,61370
13069,6100
13071,6630
13073,11400
13075,2380
13077,13280
13079,1640
13081,4310
13083,1950
13085,2430
13087,3880
13089,84090
13091,3080
13093,1960
13095,15160
13097,13820
13099,1710
13101,550
13103,5190
13105,3100
13107,3800
13109,1500
13111,3340
13113,7340
13115,14060
13117,14580
13119,3610
13121,118810
13123,4150
13125,380
13127,11310
13129,7600
13131,3260
13133,1990
13135,77750
13137,5320
13139,20870
13141,1240
13143,3850
13145,2600
13147,3360
13149,2020
13151,18910
13153,15490
13155,1340
13157,6550
13159,1720
13161,2210
13163,2110
13165,1610
13167,1430
13169,2690
13171,2400
13173,1800
13175,7720
13177,2830
13179,7460
13181,1100
13183,2810
13185,16440
13187,3460
13189,2860
13191,1690
13193,2080
13195,4340
13197,930
13199,3470
13201,740
13205,3520
13207,3340
13209,1110
13211,1690
13213,5400
13215,29860
13217,12640
13219,2660
13221,1570
13223,13090
13225,3770
13227,3780
13229,2390
13231,1660
13233,6010
13235,1610
13237,3040
13239,280
13241,2620
13243,1150
13245,31740
13247,8360
13249,580
13251,2040
13253,1400
13255,9140
13257,3520
13259,1000
13261,4350
13263,730
13265,240
13267,3520
13269,1550
13271,2750
13273,1540
13275,6010
13277,5610
13279,4070
13281,1470
13283,1340
13285,10200
13287,1420
13289,960
13291,3140
13293,3910
13295,9430
13297,9700
13299,5330
13301,780
13303,2840
13305,3920
13307,370
13309,1290
13311,3500
13313,12790
13315,1240
13317,1480
13319,1260
13321,2750
15001,29120
15003,119100
15005,60
15007,10250
15009,25980
16001,36850
16003,580
16005,9170
16007,590
16009,1160
16011,3900
16013,2180
16015,860
16017,5160
16019,9450
16021,1630
16023,320
16025,120
16027,20840
16029,490
16031,1940
16033,60
16035,1120
16037,570
16039,3080
16041,990
16043,1180
16045,2160
16047,1500
16049,1970
16051,1760
16053,2260
16055,16420
16057,4200
16059,940
16061,570
16063,490
16065,4280
16067,1970
16069,4240
16071,420
16073,1260
16075,2370
16077,650
16079,1990
16081,730
16083,8510
16085,1030
16087,1070
17001,6950
17003,1040
17005,1790
17007,4870
17009,530
17011,3420
17013,470
17015,1470
17017,1270
17019,22010
17021,3480
17023,1560
17025,1900
17027,3040
17029,7250
17031,566030
17033,1970
17035,1000
17037,11580
17039,1410
17041,1690
17043,62280
17045,1850
17047,730
17049,3320
17051,2640
17053,1390
17055,6240
17057,4080
17059,810
17061,1380
17063,4170
17065,980
17067,1920
17069,550
17071,620
17073,4840
17075,2760
17077,8160
17079,1000
17081,5080
17083,1900
17085,2170
17087,1350
17089,38650
17091,11870
17093,6520
17095,6490
17097,49570
17099,12730
17101,1940
17103,3740
17105,3860
17107,2820
17109,3550
17111,22050
17113,15910
17115,13070
17117,5010
17119,27540
17121,5130
17123,1160
17125,1750
17127,2010
17129,1050
17131,1530
17133,1790
17135,3620
17137,3870
17139,1190
17141,5030
17143,22590
17145,3010
17147,1110
17149,1730
17151,670
17153,820
17155,560
17157,3440
17159,1820
17161,16590
17163,28830
17165,3710
17167,21900
17169,910
17171,500
17173,2030
17175,580
17177,5170
17179,12240
17181,2220
17183,9930
17185,1350
17187,1590
17189,1070
17191,1990
17193,1750
17195,5460
17197,47130
17199,8550
17201,37300
17203,2650
18001,4260
18003,44920
18005,10110
18007,1100
18009,1930
18011,5010
18013,1570
18015,2080
18017,4620
18019,13150
18021,3320
18023,3560
18025,1630
18027,3660
18029,5220
18031,3200
18033,4890
18035,17320
18037,3900
18039,23190
18041,3920
18043,8290
18045,2160
18047,2200
18049,2600
18051,3730
18053,9870
18055,4280
18057,22370
18059,6730
18061,4420
18063,12290
18065,6510
18067,11850
18069,4310
18071,5870
18073,3690
18075,2770
18077,4590
18079,3480
18081,14630
18083,5310
18085,8270
18087,3450
18089,63560
18091,15240
18093,5600
18095,18820
18097,128270
18099,5400
18101,1190
18103,5100
18105,19540
18107,4390
18109,6950
18111,1730
18113,5230
18115,690
18117,3190
18119,2820
18121,2130
18123,2360
18125,1350
18127,18070
18129,2460
18131,1490
18133,3960
18135,3090
18137,3320
18139,2200
18141,35660
18143,3960
18145,5350
18147,2060
18149,3300
18151,3750
18153,2700
18155,1870
18157,24180
18159,1620
18161,710
18163,25330
18165,2240
18167,16390
18169,3670
18171,910
18173,5250
18175,3730
18177,9690
18179,2790
18181,2510
18183,3530
19001,630
19003,320
19005,1040
19007,1640
19009,440
19011,1770
19013,12900
19015,1700
19017,1340
19019,1380
19021,1290
19023,1170
19025,730
19027,1280
19029,1070
19031,1120
19033,3560
19035,900
19037,840
19039,1020
19041,1420
19043,1730
19045,4840
19047,1750
19049,4060
19051,610
19053,810
19055,1070
19057,4520
19059,1260
19061,7700
19063,760
19065,1830
19067,1570
19069,820
19071,430
19073,770
19075,630
19077,760
19079,960
19081,870
19083,1310
19085,1030
19087,1710
19089,620
19091,890
19093,550
19095,1050
19097,1650
19099,2960
19101,1790
19103,11510
19105,1610
19107,970
19109,1290
19111,3340
19113,16980
19115,760
19117,870
19119,460
19121,990
19123,2090
19125,2410
19127,3390
19129,970
19131,620
19133,850
19135,720
19137,910
19139,3100
19141,1060
19143,440
19145,1390
19147,610
19149,1500
19151,520
19153,38870
19155,8010
19157,1540
19159,390
19161,650
19163,15060
19165,790
19167,1320
19169,7140
19171,1400
19173,380
19175,1210
19177,670
19179,3880
19181,2910
19183,1540
19185,620
19187,3690
19189,800
19191,1430
19193,8500
19195,500
19197,1070
20001,1660
20003,920
20005,1970
20007,610
20009,3020
20011,1860
20013,1190
20015,7050
20017,240
20019,530
20021,2690
20023,250
20025,200
20027,820
20029,920
20031,950
20033,190
20035,4470
20037,5560
20039,380
20041,1970
20043,880
20045,13900
20047,230
20049,340
20051,2820
20053,540
20055,2920
20057,2480
20059,2860
20061,4430
20063,260
20065,260
20067,560
20069,290
20071,110
20073,740
20075,160
20077,690
20079,3550
20081,270
20083,170
20085,1460
20087,1560
20089,340
20091,42860
20093,410
20095,660
20097,220
20099,2750
20101,160
20103,7540
20105,300
20107,1320
20109,290
20111,3450
20113,2550
20115,1100
20117,830
20119,310
20121,2940
20123,650
20125,4820
20127,560
20129,320
20131,890
20133,2220
20135,260
20137,460
20139,1850
20141,380
20143,560
20145,740
20147,600
20149,1950
20151,860
20153,250
20155,7040
20157,410
20159,1050
20161,9380
20163,450
20165,290
20167,760
20169,6170
20171,370
20173,66610
20175,1760
20177,18610
20179,180
20181,480
20183,340
20185,400
20187,200
20189,530
20191,3030
20193,630
20195,230
20197,580
20199,180
20201,480
20203,170
20205,1210
20207,410
20209,21330
21001,2950
21003,2880
21005,2960
21007,1060
21009,7860
21011,2310
21013,5790
21015,10440
21017,2510
21019,7590
21021,4040
21023,1200
21025,3140
21027,2980
21029,8410
21031,1890
21033,1970
21035,5580
21037,10010
21039,580
21041,1730
21043,4970
21045,2760
21047,11010
21049,5040
21051,4720
21053,1620
21055,1190
21057,980
21059,13120
21061,1920
21063,1550
21065,2870
21067,36600
21069,2370
21071,7470
21073,6300
21075,1040
21077,1090
21079,2000
21081,3180
21083,5350
21085,4640
21087,1910
21089,5350
21091,1070
21093,13010
21095,6680
21097,2580
21099,3030
21101,6860
21103,2260
21105,640
21107,7050
21109,2920
21111,88230
21113,6050
21115,4120
21117,18010
21119,3340
21121,6450
21123,2010
21125,9970
21127,2890
21129,1550
21131,2310
21133,4950
21135,2610
21137,3780
21139,1290
21141,3580
21143,1120
21145,8450
21147,3500
21149,1150
21151,12420
21153,3100
21155,3120
21157,3430
21159,2150
21161,2510
21163,3480
21165,1130
21167,2770
21169,1690
21171,1780
21173,4440
21175,2230
21177,4580
21179,4610
21181,1240
21183,3250
21185,3620
21187,1480
21189,960
21191,2010
21193,4750
21195,11260
21197,2120
21199,10790
21201,360
21203,2760
21205,4260
21207,2960
21209,5620
21211,4380
21213,2210
21215,1620
21217,3810
21219,1740
21221,2040
21223,1250
21225,2100
21227,16830
21229,1510
21231,3300
21233,2180
21235,6220
21237,1860
21239,2620
22001,10790
22003,3760
22005,11880
22007,3640
22009,7350
22011,5100
22013,2570
22015,16680
22017,39040
22019,28770
22021,1600
22023,710
22025,1550
22027,3050
22029,3490
22031,4260
22033,57100
22035,1800
22037,2190
22039,6960
22041,3620
22043,3060
22045,11770
22047,4620
22049,2530
22051,60310
22053,4860
22055,31330
22057,13810
22059,1850
22061,7840
22063,15390
22065,2290
22067,4440
22069,6360
22071,67740
22073,24270
22075,3210
22077,3670
22079,18720
22081,1430
22083,3620
22085,3720
22087,8130
22089,5560
22091,1790
22093,2530
22095,5360
22097,13040
22099,7220
22101,8310
22103,29910
22105,21790
22107,800
22109,16690
22111,3250
22113,8740
22115,7710
22117,8210
22119,6830
22121,3090
22123,1750
22125,1440
22127,2120
23001,12920
23003,9140
23005,27140
23007,3360
23009,5740
23011,14170
23013,3960
23015,3690
23017,7330
23019,18570
23021,2560
23023,3410
23025,7820
23027,4450
23029,4700
23031,19670
24001,11040
24003,47920
24005,85270
24009,6590
24011,4050
24013,14310
24015,11470
24017,11570
24019,4490
24021,22780
24023,3840
24025,22480
24027,23390
24029,2340
24031,87190
24033,74130
24035,4440
24037,10830
24039,3810
24041,4020
24043,19850
24045,13680
24047,7130
24510,93350
25001,18410
25003,12950
25005,61940
25007,1430
25009,73630
25011,7010
25013,57150
25015,13090
25017,116020
25019,870
25021,49120
25023,39020
25025,97820
25027,75560
26001,1690
26003,1290
26005,11260
26007,4110
26009,2940
26011,2370
26013,1290
26015,6190
26017,15080
26019,2140
26021,21600
26023,5900
26025,19900
26027,6720
26029,3290
26031,4250
26033,5750
26035,5910
26037,7230
26039,2260
26041,5210
26043,3030
26045,12530
26047,4320
26049,65660
26051,3900
26053,2060
26055,10940
26057,5590
26059,6460
26061,4820
26063,4120
26065,38760
26067,7310
26069,4020
26071,1590
26073,10920
26075,20620
26077,31740
26079,2810
26081,70540
26083,230
26085,2110
26087,11710
26089,2030
26091,12150
26093,17880
26095,970
26097,1900
26099,116040
26101,3310
26103,8890
26105,4220
26107,6550
26109,2760
26111,9530
26113,2130
26115,18550
26117,8630
26119,1650
26121,24540
26123,7000
26125,134340
26127,3670
26129,3560
26131,900
26133,3470
26135,1340
26137,3560
26139,25130
26141,1900
26143,4320
26145,28560
26147,23770
26149,8560
26151,6210
26153,1250
26155,8990
26157,7700
26159,9820
26161,38470
26163,308080
26165,4830
27001,1730
27003,19000
27005,2910
27007,5340
27009,3260
27011,440
27013,5670
27015,1570
27017,3160
27019,3720
27021,3180
27023,980
27025,3400
27027,4950
27029,1080
27031,520
27033,930
27035,5830
27037,23150
27039,930
27041,2610
27043,1150
27045,1460
27047,2320
27049,3250
27051,470
27053,94710
27055,1120
27057,1970
27059,2810
27061,4760
27063,600
27065,1500
27067,2910
27069,340
27071,1300
27073,480
27075,870
27077,270
27079,1970
27081,440
27083,2000
27085,2440
27087,890
27089,630
27091,1870
27093,1420
27095,2680
27097,2830
27099,3360
27101,540
27103,2360
27105,1420
27107,500
27109,9620
27111,4260
27113,1170
27115,3010
27117,680
27119,2730
27121,780
27123,51980
27125,320
27127,1100
27129,1060
27131,4260
27133,600
27135,1030
27137,20040
27139,6450
27141,4910
27143,940
27145,12640
27147,2320
27149,610
27151,840
27153,2110
27155,260
27157,1460
27159,1550
27161,1310
27163,11400
27165,810
27167,460
27169,3590
27171,6560
27173,690
28001,6800
28003,6480
28005,2680
28007,3480
28009,1340
28011,6420
28013,2620
28015,1500
28017,3170
28019,1370
28021,2010
28023,2800
28025,3430
28027,5290
28029,4440
28031,3410
28033,20600
28035,15010
28037,1390
28039,4420
28041,2320
28043,3800
28045,7260
28047,37470
28049,37160
28051,4810
28053,2080
28055,280
28057,3420
28059,23970
28061,2720
28063,1500
28065,1890
28067,11740
28069,1910
28071,7940
28073,9580
28075,13520
28077,2270
28079,4440
28081,12650
28083,5750
28085,5880
28087,9430
28089,12040
28091,4790
28093,5830
28095,5750
28097,1950
28099,5770
28101,3790
28103,2160
28105,8450
28107,5960
28109,8940
28111,2280
28113,8300
28115,5220
28117,4580
28119,1570
28121,17400
28123,5070
28125,850
28127,4230
28129,2370
28131,3170
28133,5400
28135,2530
28137,4240
28139,4210
28141,3690
28143,2260
28145,4240
28147,2440
28149,7990
28151,10330
28153,3630
28155,1720
28157,1900
28159,3330
28161,2080
28163,6450
29001,3440
29003,1650
29005,620
29007,3490
29009,5170
29011,1920
29013,2220
29015,3220
29017,1730
29019,20670
29021,11790
29023,7720
29025,1200
29027,4630
29029,6250
29031,9570
29033,1080
29035,1020
29037,10390
29039,2180
29041,900
29043,9320
29045,850
29047,24730
29049,2260
29051,7420
29053,2120
29055,3830
29057,1050
29059,2670
29061,910
29063,1230
29065,2390
29067,2010
29069,5340
29071,11570
29073,1710
29075,810
29077,39290
29079,1370
29081,1340
29083,3370
29085,1300
29087,490
29089,1000
29091,7360
29093,1860
29095,86300
29097,17370
29099,23960
29101,6230
29103,500
29105,5440
29107,3840
29109,5550
29111,1360
29113,6630
29115,1580
29117,1730
29119,3110
29121,1890
29123,1870
29125,1250
29127,3960
29129,400
29131,3440
29133,2340
29135,1650
29137,1150
29139,1520
29141,3160
29143,2810
29145,7260
29147,2680
29149,2080
29151,1100
29153,1720
29155,3510
29157,2100
29159,5920
29161,6510
29163,2410
29165,9150
29167,4280
29169,7220
29171,550
29173,1150
29175,3420
29177,2660
29179,1020
29181,2610
29183,29690
29185,1430
29186,1900
29187,10420
29189,97320
29195,2930
29197,650
29199,510
29201,5710
29203,1630
29205,760
29207,4740
29209,4590
29211,690
29213,9910
29215,4400
29217,2710
29219,4150
29221,4380
29223,2630
29225,5030
29227,260
29229,3090
29510,48260
30001,920
30003,1960
30005,1140
30007,480
30009,960
30011,120
30013,8130
30015,520
30017,1150
30019,110
30021,860
30023,1360
30025,250
30027,1170
30029,9170
30031,7590
30033,60
30035,2360
30037,80
30039,340
30041,1750
30043,760
30045,210
30047,3540
30049,5200
30051,320
30053,2870
30055,80
30057,610
30059,160
30061,620
30063,11330
30065,450
30067,1520
30069,30
30071,350
30073,670
30075,140
30077,750
30079,120
30081,4340
30083,880
30085,1710
30087,1060
30089,1520
30091,280
30093,4050
30095,580
30097,220
30099,570
30101,460
30103,60
30105,710
30107,270
30109,80
30111,12290
31001,3520
31003,650
31005,60
31007,50
31009,50
31011,440
31013,1230
31015,200
31017,280
31019,5110
31021,760
31023,760
31025,2260
31027,680
31029,310
31031,620
31033,1140
31035,580
31037,850
31039,700
31041,1240
31043,2070
31045,850
31047,2310
31049,180
31051,530
31053,3990
31055,59440
31057,190
31059,500
31061,390
31063,300
31065,480
31067,2730
31069,200
31071,190
31073,150
31075,90
31077,260
31079,6850
31081,690
31083,350
31085,110
31087,340
31089,900
31091,90
31093,620
31095,850
31097,510
31099,650
31101,990
31103,70
31105,430
31107,860
31109,33580
31111,3750
31113,90
31115,70
31117,40
31119,3870
31121,920
31123,470
31125,370
31127,850
31129,400
31131,1760
31133,350
31135,240
31137,970
31139,680
31141,2830
31143,470
31145,1120
31147,900
31149,120
31151,1320
31153,14750
31155,1880
31157,4180
31159,1550
31161,750
31163,330
31165,120
31167,500
31169,510
31171,70
31173,1130
31175,390
31177,1860
31179,850
31181,330
31183,80
31185,1290
32001,2840
32003,333140
32005,5150
32007,5050
32009,140
32011,230
32013,1750
32015,510
32017,500
32019,6620
32021,620
32023,7400
32027,600
32029,440
32031,51800
32033,960
32510,6780
33001,5760
33003,4770
33005,7010
33007,3850
33009,8570
33011,35310
33013,11970
33015,21090
33017,11430
33019,4080
34001,39960
34003,73880
34005,31810
34007,54990
34009,11560
34011,18190
34013,98170
34015,23800
34017,82200
34019,6880
34021,30490
34023,68900
34025,48120
34027,31610
34029,58910
34031,60520
34033,7370
34035,18880
34037,10680
34039,46060
34041,9400
35001,86030
35003,680
35005,8890
35006,4870
35007,1940
35009,6730
35011,210
35013,31960
35015,6940
35017,4780
35019,520
35021,50
35023,590
35025,9020
35027,2660
35028,1130
35029,4860
35031,16240
35033,710
35035,10340
35037,1270
35039,5320
35041,2950
35043,15950
35045,21410
35047,4550
35049,16940
35051,2060
35053,3130
35055,4850
35057,2530
35059,630
35061,9660
36001,31690
36003,5970
36005,281040
36007,26490
36009,10710
36011,8770
36013,17860
36015,10960
36017,5630
36019,9600
36021,5740
36023,5460
36025,5640
36027,25540
36029,110390
36031,3960
36033,6760
36035,7040
36037,6130
36039,5000
36041,480
36043,7530
36045,14690
36047,399210
36049,2920
36051,5960
36053,6630
36055,86040
36057,6770
36059,77750
36061,220780
36063,25870
36065,26940
36067,53290
36069,10490
36071,35990
36073,4840
36075,15640
36077,6570
36079,6240
36081,274120
36083,16260
36085,48010
36087,31590
36089,14660
36091,17890
36093,16560
36095,3350
36097,2330
36099,4030
36101,11370
36103,97600
36105,8690
36107,4980
36109,10940
36111,20210
36113,6810
36115,6580
36117,9230
36119,76520
36121,3740
36123,2580
37001,21830
37003,5040
37005,1940
37007,3540
37009,3780
37011,2460
37013,6620
37015,3160
37017,5420
37019,18000
37021,35600
37023,14650
37025,21730
37027,12260
37029,1090
37031,8700
37033,3190
37035,20910
37037,7820
37039,4660
37041,2060
37043,1760
37045,15350
37047,9260
37049,13770
37051,54170
37053,2810
37055,4500
37057,23520
37059,5520
37061,8040
37063,35870
37065,8570
37067,49350
37069,8020
37071,31070
37073,1460
37075,1420
37077,6750
37079,3130
37081,70990
37083,9060
37085,18430
37087,8820
37089,14310
37091,3530
37093,8250
37095,860
37097,20690
37099,6650
37101,23460
37103,1630
37105,8940
37107,9560
37109,10810
37111,7010
37113,5380
37115,3130
37117,3500
37119,119030
37121,2190
37123,3750
37125,11900
37127,13040
37129,31620
37131,2830
37133,27880
37135,14970
37137,1760
37139,4860
37141,7920
37143,1680
37145,5600
37147,25960
37149,2670
37151,20500
37153,7750
37155,24700
37157,14110
37159,20420
37161,11450
37163,8880
37165,7140
37167,7930
37169,6370
37171,11190
37173,2290
37175,4620
37177,640
37179,20030
37181,7410
37183,104210
37185,3170
37187,2250
37189,7950
37191,17580
37193,10350
37195,12630
37197,5220
37199,2680
38001,150
38003,500
38005,1040
38007,50
38009,370
38011,80
38013,70
38015,4010
38017,9750
38019,200
38021,130
38023,90
38025,180
38027,160
38029,180
38031,140
38033,70
38035,4670
38037,100
38039,60
38041,120
38043,130
38045,210
38047,50
38049,290
38051,130
38053,960
38055,360
38057,360
38059,1240
38061,690
38063,200
38065,90
38067,340
38069,210
38071,1100
38073,300
38075,80
38077,870
38079,2310
38081,130
38083,60
38085,640
38087,30
38089,1990
38091,60
38093,1470
38095,110
38097,230
38099,540
38101,3880
38103,200
38105,2440
39001,4980
39003,13750
39005,6450
39007,15230
39009,11120
39011,4630
39013,9330
39015,6610
39017,42010
39019,3710
39021,4760
39023,19190
39025,22950
39027,6090
39029,15010
39031,5680
39033,6190
39035,185960
39037,6190
39039,4090
39041,13890
39043,10140
39045,16070
39047,4440
39049,164190
39051,4500
39053,4730
39055,7800
39057,18660
39059,6240
39061,101790
39063,8520
39065,4340
39067,2310
39069,2870
39071,7110
39073,3920
39075,3820
39077,7810
39079,5170
39081,10680
39083,7340
39085,25840
39087,10470
39089,19950
39091,5350
39093,40550
39095,68350
39097,4770
39099,34870
39101,9080
39103,16830
39105,4130
39107,3390
39109,11500
39111,2240
39113,75810
39115,2370
39117,3870
39119,12310
39121,2210
39123,4810
39125,2250
39127,5580
39129,7550
39131,5050
39133,18970
39135,4620
39137,2840
39139,17290
39141,11880
39143,7450
39145,14360
39147,7110
39149,5850
39151,48510
39153,67760
39155,31610
39157,12010
39159,4540
39161,3120
39163,2260
39165,18960
39167,8710
39169,12770
39171,4560
39173,14990
39175,2390
40001,4200
40003,630
40005,2300
40007,430
40009,3330
40011,1180
40013,7260
40015,4400
40017,14310
40019,7500
40021,8140
40023,2890
40025,280
40027,32010
40029,1040
40031,18040
40033,960
40035,2270
40037,9390
40039,3490
40041,6680
40043,590
40045,540
40047,8070
40049,3880
40051,6770
40053,480
40055,900
40057,320
40059,500
40061,2270
40063,2270
40065,3090
40067,1050
40069,1920
40071,6740
40073,1500
40075,1470
40077,1820
40079,8530
40081,4800
40083,5200
40085,1330
40087,3940
40089,5880
40091,3730
40093,930
40095,2470
40097,6330
40099,2150
40101,11040
40103,1280
40105,1480
40107,2190
40109,103470
40111,6160
40113,6290
40115,5150
40117,2300
40119,12240
40121,7350
40123,5040
40125,10370
40127,1990
40129,470
40131,10370
40133,4610
40135,7040
40137,6620
40139,2340
40141,1160
40143,85400
40145,9370
40147,6800
40149,1460
40151,1040
40153,2630
41001,2120
41003,9300
41005,34480
41007,4960
41009,5380
41011,9350
41013,2740
41015,2990
41017,18880
41019,13750
41021,220
41023,1030
41025,730
41027,1370
41029,25240
41031,2920
41033,11760
41035,9940
41037,1040
41039,49840
41041,7580
41043,14910
41045,3790
41047,36390
41049,1070
41051,93380
41053,8160
41055,190
41057,3170
41059,8490
41061,3100
41063,770
41065,2840
41067,47560
41069,160
41071,10380
42001,8410
42003,131440
42005,7920
42007,18690
42009,5460
42011,42640
42013,15390
42015,6770
42017,45970
42019,16350
42021,17350
42023,770
42025,7670
42027,13660
42029,31270
42031,4780
42033,10260
42035,5000
42037,7400
42039,10510
42041,20020
42043,28100
42045,51730
42047,3740
42049,35210
42051,19880
42053,1070
42055,15010
42057,1810
42059,4650
42061,5230
42063,10650
42065,5360
42067,2350
42069,26690
42071,47150
42073,10980
42075,13750
42077,38970
42079,41060
42081,13830
42083,5840
42085,14740
42087,5580
42089,17580
42091,58060
42093,1740
42095,27060
42097,11340
42099,3950
42101,249890
42103,5710
42105,2020
42107,17520
42109,4020
42111,8330
42113,660
42115,4360
42117,5010
42119,4230
42121,6660
42123,4470
42125,21630
42127,5800
42129,36790
42131,2800
42133,39970
44001,3660
44003,15410
44005,6940
44007,73580
44009,9170
45001,2790
45003,15390
45005,1390
45007,20630
45009,1740
45011,3340
45013,13950
45015,18830
45017,1660
45019,36810
45021,7290
45023,4030
45025,5830
45027,4340
45029,4200
45031,8760
45033,4660
45035,13880
45037,2510
45039,2440
45041,13900
45043,6730
45045,44670
45047,8240
45049,1850
45051,41450
45053,2910
45055,6530
45057,8720
45059,8730
45061,2280
45063,24020
45065,980
45067,3900
45069,4620
45071,3770
45073,8970
45075,11210
45077,12770
45079,39040
45081,1960
45083,32870
45085,11890
45087,3930
45089,4130
45091,20450
46003,140
46005,1670
46007,530
46009,660
46011,2820
46013,2980
46015,580
46017,430
46019,860
46021,80
46023,1210
46025,230
46027,1500
46029,2770
46031,830
46033,860
46035,2000
46037,560
46039,280
46041,1090
46043,200
46045,200
46047,850
46049,300
46051,480
46053,370
46055,190
46057,320
46059,240
46061,280
46063,80
46065,1470
46067,560
46069,70
46071,660
46073,150
46075,70
46077,350
46079,1000
46081,2730
46083,2700
46085,540
46087,390
46089,210
46091,300
46093,1940
46095,460
46097,210
46099,14640
46101,600
46102,3690
46103,11460
46105,230
46107,150
46109,1280
46111,200
46115,440
46117,150
46119,80
46121,2720
46123,520
46125,610
46127,1220
46129,570
46135,1950
46137,570
47001,11350
47003,6290
47005,2800
47007,2720
47009,14180
47011,14870
47013,7350
47015,2030
47017,4150
47019,9300
47021,4500
47023,1890
47025,5810
47027,1420
47029,6730
47031,8200
47033,1830
47035,8310
47037,85410
47039,1780
47041,3430
47043,6380
47045,5880
47047,4350
47049,2990
47051,6360
47053,6850
47055,4010
47057,3650
47059,11240
47061,2390
47063,9440
47065,43600
47067,1420
47069,3670
47071,3750
47073,9100
47075,2530
47077,4390
47079,5240
47081,3150
47083,1190
47085,2580
47087,1860
47089,7520
47091,3020
47093,53220
47095,1540
47097,4370
47099,6650
47101,1980
47103,4500
47105,5880
47107,8030
47109,4070
47111,3540
47113,13620
47115,4460
47117,4960
47119,10080
47121,1800
47123,7330
47125,24830
47127,650
47129,3660
47131,4910
47133,3390
47135,1500
47137,800
47139,2230
47141,10870
47143,5480
47145,7170
47147,7460
47149,32690
47151,4330
47153,2560
47155,14660
47157,128190
47159,2610
47161,1810
47163,23290
47165,20020
47167,7180
47169,1190
47171,2880
47173,3060
47175,970
47177,6960
47179,17800
47181,2380
47183,4990
47185,3710
47187,14280
47189,13650
48001,8060
48003,2200
48005,15170
48007,4500
48009,1200
48011,210
48013,5830
48015,4030
48017,710
48019,3400
48021,10440
48023,560
48025,5500
48027,53820
48029,288320
48031,1510
48033,80
48035,2850
48037,14990
48039,42840
48041,34030
48043,1460
48045,210
48047,1700
48049,5680
48051,2440
48053,5760
48055,5930
48057,2580
48059,1940
48061,75390
48063,2160
48065,660
48067,5230
48069,820
48071,6170
48073,7630
48075,990
48077,1580
48079,540
48081,510
48083,1370
48085,109310
48087,450
48089,2390
48091,17960
48093,1970
48095,420
48097,5980
48099,11480
48101,320
48103,490
48105,490
48107,910
48109,430
48111,870
48113,373560
48115,2330
48117,2000
48119,870
48121,96610
48123,3150
48125,350
48127,2370
48129,420
48131,2000
48133,3280
48135,23160
48137,240
48139,19920
48141,126370
48143,5840
48145,3160
48147,4880
48149,3130
48151,520
48153,750
48155,150
48157,80400
48159,1290
48161,3360
48163,2910
48165,2820
48167,47740
48169,1020
48171,3470
48173,190
48175,1070
48177,2740
48179,3470
48181,19450
48183,20810
48185,4270
48187,18060
48189,4680
48191,510
48193,1440
48195,600
48197,600
48199,9210
48201,695310
48203,10630
48205,610
48207,870
48209,26660
48211,500
48213,13710
48215,164720
48217,5370
48219,3390
48221,7780
48223,5170
48225,3880
48227,5840
48229,850
48231,14620
48233,3140
48235,200
48237,1420
48239,2190
48241,6970
48243,350
48245,46070
48247,1020
48249,7420
48251,22190
48253,2740
48255,2060
48257,16130
48259,4700
48261,40
48263,100
48265,7690
48267,730
48269,60
48271,600
48273,5490
48275,490
48277,9020
48279,1980
48281,3020
48283,1060
48285,2480
48287,2050
48289,3010
48291,14420
48293,3860
48295,430
48297,2070
48299,3150
48301,30
48303,45900
48305,910
48307,1320
48309,39140
48311,70
48313,1950
48315,1800
48317,660
48319,520
48321,6400
48323,11660
48325,6180
48327,350
48329,20680
48331,3850
48333,650
48335,1100
48337,3210
48339,73560
48341,2180
48343,2340
48345,180
48347,12130
48349,7600
48351,2860
48353,2320
48355,55000
48357,1270
48359,260
48361,14220
48363,4580
48365,3720
48367,16790
48369,1020
48371,2150
48373,9150
48375,19010
48377,1950
48379,1790
48381,16120
48383,450
48385,730
48387,2070
48389,1850
48391,1110
48393,100
48395,2440
48397,8920
48399,1420
48401,7310
48403,2180
48405,1900
48407,4710
48409,10840
48411,860
48413,390
48415,2390
48417,470
48419,4500
48421,350
48423,32930
48425,1350
48427,15100
48429,1590
48431,100
48433,180
48435,520
48437,1300
48439,272440
48441,20460
48443,80
48445,2140
48447,280
48449,4680
48451,15990
48453,158120
48455,2830
48457,4240
48459,6970
48461,360
48463,4250
48465,7420
48467,8290
48469,14120
48471,10900
48473,6950
48475,1480
48477,4460
48479,44480
48481,5990
48483,840
48485,22270
48487,2340
48489,4080
48491,61070
48493,5400
48495,950
48497,9260
48499,7040
48501,1160
48503,2500
48505,3040
48507,2720
49001,540
49003,5440
49005,13160
49007,2840
49009,50
49011,27460
49013,2810
49015,1230
49017,830
49019,1470
49021,6680
49023,1250
49025,1060
49027,1440
49029,660
49031,320
49033,280
49035,111390
49037,2930
49039,3340
49041,2620
49043,3420
49045,5930
49047,5060
49049,56270
49051,2880
49053,19190
49055,350
49057,24270
50001,3070
50003,4040
50005,3260
50007,14470
50009,750
50011,4500
50013,500
50015,2830
50017,2600
50019,3210
50021,6430
50023,5440
50025,5140
50027,5170
51001,3840
51003,8310
51005,1920
51007,1120
51009,2930
51011,1660
51013,16670
51015,6220
51017,610
51019,6230
51021,670
51023,2250
51025,1980
51027,4180
51029,2000
51031,5240
51033,2270
51035,4110
51036,640
51037,1800
51041,22370
51043,1010
51045,570
51047,3800
51049,860
51051,2770
51053,2550
51057,1210
51059,66080
51061,4070
51063,1400
51065,1670
51067,5890
51069,5780
51071,1650
51073,3190
51075,1270
51077,1960
51079,1650
51081,1060
51083,4000
51085,6020
51087,27040
51089,6610
51091,210
51093,3040
51095,5850
51097,530
51099,1480
51101,1100
51103,1180
51105,4530
51107,15790
51109,3340
51111,1360
51113,1040
51115,750
51117,3710
51119,940
51121,10460
51125,1440
51127,1000
51131,1490
51133,1090
51135,1760
51137,3360
51139,3120
51141,2130
51143,7100
51145,1510
51147,3060
51149,2820
51153,24310
51155,4590
51157,600
51159,940
51161,7130
51163,2470
51165,6360
51167,4330
51169,3050
51171,4750
51173,4800
51175,1330
51177,8980
51179,7560
51181,680
51183,1070
51185,6050
51187,3860
51191,6760
51193,1920
51195,6570
51197,3640
51199,4530
51510,13320
51520,2980
51530,800
51540,5880
51550,16720
51570,1780
51580,610
51590,6630
51595,840
51600,1520
51610,660
51620,1030
51630,3420
51640,1050
51650,15320
51660,6220
51670,3840
51678,950
51680,9970
51683,2230
51685,990
51690,2330
51700,22210
51710,32260
51720,840
51730,5640
51735,760
51740,11690
51750,2790
51760,32000
51770,13120
51775,2360
51790,2880
51800,6550
51810,34690
51820,2860
51830,1660
51840,3510
53001,2390
53003,2550
53005,19680
53007,8410
53009,10580
53011,47630
53013,410
53015,14600
53017,4640
53019,1320
53021,9120
53023,260
53025,10530
53027,10950
53029,8290
53031,4130
53033,197210
53035,26220
53037,5520
53039,2720
53041,10330
53043,1200
53045,8250
53047,6390
53049,3140
53051,1680
53053,94860
53055,1670
53057,14020
53059,1280
53061,72540
53063,62080
53065,5870
53067,29310
53069,490
53071,6070
53073,26450
53075,6080
53077,29510
54001,2320
54003,9730
54005,3420
54007,2080
54009,2580
54011,13820
54013,1460
54015,1770
54017,800
54019,7070
54021,840
54023,1090
54025,4760
54027,2670
54029,3660
54031,1540
54033,8090
54035,3880
54037,4000
54039,23650
54041,2310
54043,3390
54045,6490
54047,3970
54049,6910
54051,3960
54053,3060
54055,9100
54057,2990
54059,5350
54061,11470
54063,1560
54065,1180
54067,3690
54069,5000
54071,660
54073,810
54075,1270
54077,3710
54079,4860
54081,11340
54083,3740
54085,1280
54087,2560
54089,2000
54091,2080
54093,780
54095,1090
54097,3370
54099,6050
54101,1490
54103,2220
54105,990
54107,10830
54109,3730
55001,2370
55003,1960
55005,4160
55007,1670
55009,21220
55011,1160
55013,1760
55015,2470
55017,5400
55019,2720
55021,3950
55023,1670
55025,37910
55027,6470
55029,2220
55031,4930
55033,3770
55035,9130
55037,430
55039,7870
55041,1250
55043,4540
55045,2640
55047,1750
55049,1770
55051,750
55053,2220
55055,6180
55057,3030
55059,15440
55061,1280
55063,9620
55065,1280
55067,1990
55069,2280
55071,6380
55073,10300
55075,4330
55077,1490
55078,920
55079,111910
55081,3930
55083,3030
55085,2970
55087,12820
55089,4760
55091,610
55093,3090
55095,3820
55097,5560
55099,1360
55101,17950
55103,1640
55105,15810
55107,1390
55109,5670
55111,5780
55113,1910
55115,3630
55117,7860
55119,1540
55121,2230
55123,2880
55125,2160
55127,7540
55129,1610
55131,7840
55133,22120
55135,4250
55137,2100
55139,14320
55141,6860
56001,4290
56003,1250
56005,5280
56007,1620
56009,1420
56011,680
56013,5210
56015,1390
56017,580
56019,1130
56021,9780
56023,1830
56025,9710
56027,340
56029,2810
56031,980
56033,3180
56035,1060
56037,4990
56039,2120
56041,2260
56043,840
56045,760
1001,8670
1003,28590
1005,5250
1007,3680
1009,8380
1011,1610
1013,3280
1015,19660
1017,5190
1019,4170
1021,7590
1023,2440
1025,4490
1027,2200
1029,2710
1031,8130
1033,9040
1035,1990
1037,1620
1039,6730
1041,2150
1043,13610
1045,8790
1047,7430
1049,12300
1051,11280
1053,6570
1055,17250
1057,3090
1059,5130
1061,5230
1063,1850
1065,2510
1067,2490
1069,17160
1071,9390
1073,94780
1075,2590
1077,14340
1079,5850
1081,23990
1083,13540
1085,1940
1087,2890
1089,47180
1091,3350
1093,5730
1095,16380
1097,65300
1099,4240
1101,34010
1103,17850
1105,1870
1107,3610
1109,5640
1111,3520
1113,9730
1115,12680
1117,22700
1119,2530
1121,13530
1123,6650
1125,29660
1127,11950
1129,3050
1131,2140
1133,4460
2013,370
2016,650
2020,32090
2050,4080
2060,110
2068,340
2070,810
2090,10990
2100,350
2105,320
2110,3310
2122,7890
2130,1790
2150,1550
2158,2360
2164,230
2170,12680
2180,1890
2185,1290
2188,1720
2195,410
2198,1170
2220,980
2230,150
2240,990
2261,1040
2275,340
2282,80
2290,1180
4001,16900
4003,17830
4005,20700
4007,9350
4009,5630
4011,1160
4012,3870
4013,506640
4015,34740
4017,22650
4019,136740
4021,51730
4023,6760
4025,31400
4027,38200
5001,2940
5003,3280
5005,6690
5007,31180
5009,6000
5011,1890
5013,720
5015,4010
5017,2250
5019,3800
5021,3040
5023,4100
5025,1370
5027,4260
5029,3780
5031,17140
5033,10370
5035,8000
5037,2780
5039,1170
5041,2240
5043,2970
5045,18870
5047,3540
5049,2340
5051,17110
5053,2800
5055,8050
5057,3470
5059,5900
5061,2060
5063,6450
5065,2530
5067,3660
5069,11520
5071,5080
5073,1290
5075,3050
5077,1610
5079,2210
5081,2030
5083,4000
5085,10260
5087,2600
5089,2990
5091,7530
5093,8240
5095,1400
5097,1770
5099,1500
5101,1310
5103,4210
5105,1900
5107,4220
5109,1880
5111,4660
5113,4020
5115,10940
5117,1350
5119,57350
5121,3280
5123,4680
5125,14850
5127,1930
5129,1560
5131,22490
5133,2790
5135,3540
5137,2430
5139,6150
5141,3170
5143,33140
5145,13180
5147,1340
5149,3510
6001,139810
6003,140
6005,4120
6007,32450
6009,5360
6011,2870
6013,87180
6015,4350
6017,16890
6019,144790
6021,3790
6023,20060
6025,34580
6027,1800
6029,121800
6031,20220
6033,9640
6035,3790
6037,1079900
6039,19620
6041,19210
6043,2450
6045,11950
6047,38880
6049,1390
6051,1240
6053,43610
6055,10660
6057,10310
6059,264340
6061,31230
6063,2500
6065,216050
6067,168410
6069,4220
6071,206710
6073,305100
6075,92090
6077,85740
6079,25660
6081,50810
6083,41030
6085,140120
6087,27710
6089,25910
6091,350
6093,7020
6095,37600
6097,43600
6099,64300
6101,13170
6103,10170
6105,2020
6107,71990
6109,6860
6111,65680
6113,23330
6115,10090
8001,44230
8003,2340
8005,53830
8007,1380
8009,530
8011,1130
8013,29610
8014,5390
8015,2080
8017,200
8019,830
8021,1080
8023,650
8025,1070
8027,530
8029,4410
8031,75240
8033,230
8035,19580
8037,3620
8039,1600
8041,72750
8043,6420
8045,4860
8047,440
8049,1330
8051,1680
8053,120
8055,960
8057,110
8059,48030
8061,170
8063,700
8065,870
8067,5050
8069,33690
8071,2070
8073,660
8075,2470
8077,18870
8079,90
8081,1690
8083,3600
8085,5130
8087,2710
8089,2990
8091,480
8093,1530
8095,340
8097,1560
8099,1490
8101,23230
8103,700
8105,1550
8107,2350
8109,840
8111,60
8113,850
8115,320
8117,2460
8119,2350
8121,510
8123,25430
8125,1100
9001,91810
9003,101420
9005,18880
9007,16320
9009,101640
9011,31300
9013,14810
9015,14720
10001,21960
10003,58290
10005,25200
11001,71420
12001,35680
12003,3430
12005,27310
12007,4480
12009,70100
12011,190080
12013,2110
12015,24510
12017,22460
12019,22750
12021,37520
12023,9990
12027,5930
12029,2870
12031,117700
12033,40850
12035,13350
12037,1870
12039,6240
12041,2700
12043,1840
12045,2180
12047,2730
12049,4110
12051,6270
12053,25990
12055,15730
12057,164350
12059,3510
12061,18360
12063,7340
12065,1810
12067,910
12069,41140
12071,85350
12073,36930
12075,6610
12077,1260
12079,3090
12081,44200
12083,48840
12085,17660
12086,276980
12087,8080
12089,9710
12091,25060
12093,6050
12095,150730
12097,38980
12099,154670
12101,66920
12103,121620
12105,88770
12107,12210
12109,22900
12111,36550
12113,20200
12115,47540
12117,46720
12119,14570
12121,6190
12123,3510
12125,2280
12127,71190
12129,3640
12131,9010
12133,4200
13001,2790
13003,1390
13005,1860
13007,540
13009,6600
13011,2540
13013,9010
13015,13800
13017,3190
13019,3470
13021,24190
13023,1820
13025,3100
13027,2280
13029,4290
13031,11710
13033,3200
13035,3620
13037,960
13039,7060
13043,2020
13045,15780
13047,8250
13049,2230
13051,35500
13053,1810
13055,4100
13057,21960
13059,20980
13061,620
13063,32810
13065,1430
13067,64630
13069,6680
13071,7110
13073,13190
13075,2800
13077,14340
13079,1810
13081,4320
13083,2370
13085,2620
13087,4310
13089,78940
13091,3600
13093,2090
13095,15320
13097,13950
13099,1800
13101,640
13103,5830
13105,3010
13107,3830
13109,1730
13111,3820
13113,7950
13115,14810
13117,16360
13119,4030
13121,116910
13123,4680
13125,430
13127,11890
13129,8800
13131,4010
13133,2270
13135,76240
13137,5960
13139,21890
13141,1130
13143,4370
13145,3170
13147,3670
13149,1740
13151,17610
13153,18270
13155,1580
13157,7530
13159,1830
13161,2510
13163,2390
13165,1550
13167,1520
13169,3330
13171,2660
13173,1670
13175,8030
13177,3220
13179,7990
13181,1120
13183,2690
13185,17680
13187,4180
13189,3380
13191,1990
13193,1990
13195,4280
13197,1030
13199,3500
13201,840
13205,3390
13207,3370
13209,1390
13211,1930
13213,5730
13215,31170
13217,12930
13219,3060
13221,1800
13223,14390
13225,3990
13227,3980
13229,2990
13231,1840
13233,6230
13235,1840
13237,2730
13239,340
13241,2680
13243,1270
13245,31250
13247,8210
13249,740
13251,2120
13253,1420
13255,9180
13257,3760
13259,1130
13261,4880
13263,790
13265,230
13267,4000
13269,1340
13271,2900
13273,1580
13275,6520
13277,6120
13279,4580
13281,1720
13283,1350
13285,10720
13287,1480
13289,1190
13291,3220
13293,3960
13295,10720
13297,10220
13299,5950
13301,810
13303,3030
13305,4090
13307,370
13309,1410
13311,3820
13313,13160
13315,1340
13317,1560
13319,1330
13321,3090
15001,26200
15003,103120
15005,10
15007,7000
15009,17090
16001,40370
16003,550
16005,10390
16007,710
16009,1390
16011,4310
16013,1980
16015,740
16017,5440
16019,10880
16021,1590
16023,310
16025,120
16027,22100
16029,630
16031,2300
16033,60
16035,1220
16037,640
16039,3270
16041,1230
16043,1250
16045,2340
16047,1580
16049,2270
16051,1890
16053,2530
16055,16960
16057,4520
16059,960
16061,620
16063,520
16065,4930
16067,2130
16069,4540
16071,450
16073,1360
16075,2600
16077,720
16079,2230
16081,570
16083,9190
16085,990
16087,1250
17001,7310
17003,1020
17005,1770
17007,4650
17009,560
17011,3550
17013,580
17015,1500
17017,1300
17019,23510
17021,3730
17023,1790
17025,1860
17027,3220
17029,7280
17031,481720
17033,2100
17035,1230
17037,11370
17039,1650
17041,1880
17043,56610
17045,2000
17047,680
17049,3390
17051,2830
17053,1630
17055,6120
17057,4280
17059,810
17061,1530
17063,4250
17065,930
17067,2080
17069,560
17071,680
17073,4980
17075,3100
17077,8620
17079,1230
17081,5030
17083,2120
17085,2070
17087,1340
17089,37020
17091,12270
17093,5330
17095,6840
17097,49020
17099,12700
17101,2200
17103,3830
17105,4380
17107,2970
17109,4020
17111,20670
17113,16340
17115,13510
17117,5310
17119,28500
17121,5200
17123,1180
17125,1750
17127,2030
17129,1200
17131,1570
17133,2140
17135,3730
17137,4150
17139,1260
17141,5050
17143,20920
17145,2790
17147,1270
17149,1870
17151,620
17153,810
17155,540
17157,3490
17159,2070
17161,15750
17163,27690
17165,3880
17167,22010
17169,990
17171,560
17173,2180
17175,670
17177,5160
17179,12370
17181,2400
17183,10200
17185,1340
17187,1840
17189,1120
17191,2060
17193,1710
17195,5730
17197,38860
17199,8490
17201,34520
17203,2970
18001,4500
18003,43760
18005,10010
18007,1170
18009,1740
18011,5630
18013,1630
18015,2270
18017,4930
18019,13280
18021,3540
18023,3820
18025,1700
18027,3990
18029,5390
18031,3320
18033,5060
18035,18010
18037,4270
18039,23200
18041,3860
18043,8660
18045,2170
18047,2420
18049,2560
18051,3740
18053,10400
18055,4570
18057,24270
18059,7170
18061,4870
18063,13290
18065,6940
18067,11680
18069,4340
18071,5860
18073,3810
18075,2900
18077,4360
18079,3440
18081,15200
18083,5590
18085,8730
18087,3530
18089,58900
18091,14380
18093,6180
18095,19140
18097,128410
18099,5660
18101,1340
18103,5120
18105,21080
18107,4810
18109,8220
18111,1870
18113,4830
18115,640
18117,3010
18119,3050
18121,2420
18123,2330
18125,1560
18127,17570
18129,2620
18131,1660
18133,4560
18135,3530
18137,3520
18139,2290
18141,34870
18143,3620
18145,5360
18147,2270
18149,3150
18151,3820
18153,2860
18155,1680
18157,24550
18159,1640
18161,820
18163,25610
18165,2410
18167,17270
18169,3870
18171,960
18173,6100
18175,3680
18177,10060
18179,2910
18181,2730
18183,3620
19001,680
19003,350
19005,1160
19007,1710
19009,510
19011,1960
19013,13150
19015,2020
19017,1530
19019,1660
19021,1640
19023,1250
19025,850
19027,1540
19029,1410
19031,1210
19033,3960
19035,1020
19037,900
19039,910
19041,1600
19043,1820
19045,4820
19047,1900
19049,4580
19051,690
19053,930
19055,1240
19057,4690
19059,1400
19061,8180
19063,830
19065,1930
19067,1810
19069,830
19071,620
19073,810
19075,780
19077,870
19079,1260
19081,920
19083,1500
19085,1210
19087,1850
19089,720
19091,980
19093,580
19095,1180
19097,1850
19099,3210
19101,1790
19103,12220
19105,1670
19107,970
19109,1430
19111,3860
19113,17540
19115,870
19117,850
19119,590
19121,1140
19123,2260
19125,2800
19127,3710
19129,1230
19131,730
19133,980
19135,700
19137,1000
19139,3140
19141,1280
19143,510
19145,1500
19147,730
19149,1900
19151,620
19153,39470
19155,8550
19157,1510
19159,420
19161,750
19163,15320
19165,870
19167,1830
19169,8280
19171,1470
19173,520
19175,1400
19177,710
19179,3770
19181,3520
19183,1860
19185,700
19187,3860
19189,890
19191,1480
19193,9160
19195,660
19197,1140
20001,1920
20003,1060
20005,2330
20007,670
20009,3460
20011,2260
20013,1280
20015,7210
20017,300
20019,540
20021,2960
20023,290
20025,240
20027,960
20029,1100
20031,1100
20033,200
20035,4820
20037,6190
20039,420
20041,2500
20043,980
20045,15380
20047,290
20049,410
20051,3560
20053,700
20055,3360
20057,3270
20059,2990
20061,4780
20063,310
20065,290
20067,630
20069,470
20071,130
20073,870
20075,250
20077,790
20079,3870
20081,330
20083,210
20085,1660
20087,1920
20089,410
20091,50040
20093,470
20095,780
20097,250
20099,3210
20101,190
20103,8730
20105,350
20107,1530
20109,300
20111,4010
20113,3050
20115,1320
20117,1080
20119,360
20121,3320
20123,810
20125,5130
20127,620
20129,310
20131,1100
20133,2650
20135,310
20137,600
20139,2210
20141,470
20143,640
20145,720
20147,610
20149,2200
20151,1080
20153,310
20155,7930
20157,540
20159,1210
20161,10170
20163,570
20165,360
20167,860
20169,6750
20171,420
20173,63780
20175,2090
20177,20560
20179,240
20181,700
20183,450
20185,480
20187,240
20189,650
20191,2920
20193,890
20195,300
20197,650
20199,170
20201,620
20203,170
20205,1300
20207,530
20209,22310
21001,3210
21003,3180
21005,3020
21007,1100
21009,7740
21011,2230
21013,6650
21015,11420
21017,2690
21019,8130
21021,4060
21023,1180
21025,3280
21027,3160
21029,8540
21031,2090
21033,1980
21035,5870
21037,10680
21039,620
21041,1710
21043,5310
21045,2810
21047,11600
21049,4980
21051,5030
21053,1880
21055,1300
21057,1040
21059,13630
21061,2010
21063,1680
21065,3070
21067,38370
21069,2480
21071,8160
21073,6160
21075,1190
21077,1110
21079,2330
21081,3520
21083,5490
21085,4710
21087,1860
21089,5530
21091,1030
21093,13670
21095,7100
21097,2730
21099,3110
21101,7170
21103,2320
21105,640
21107,6950
21109,3030
21111,89690
21113,7320
21115,4460
21117,18960
21119,3530
21121,6540
21123,2030
21125,10350
21127,3160
21129,1640
21131,2660
21133,5360
21135,2720
21137,3910
21139,1440
21141,3650
21143,1250
21145,8980
21147,3810
21149,1300
21151,13210
21153,3090
21155,3150
21157,3740
21159,2230
21161,2680
21163,3630
21165,1200
21167,2920
21169,1770
21171,1860
21173,4540
21175,2430
21177,4680
21179,5170
21181,1420
21183,3700
21185,4400
21187,1670
21189,1040
21191,2040
21193,5540
21195,11740
21197,2230
21199,10890
21201,380
21203,2820
21205,4600
21207,3110
21209,5880
21211,4890
21213,2350
21215,1830
21217,4080
21219,1740
21221,1890
21223,1290
21225,2290
21227,16960
21229,1540
21231,3790
21233,2280
21235,6680
21237,1790
21239,2960
22001,11390
22003,3880
22005,12590
22007,3730
22009,7480
22011,5730
22013,2580
22015,17860
22017,39750
22019,28710
22021,1770
22023,810
22025,1560
22027,3150
22029,3450
22031,4550
22033,58620
22035,1750
22037,2420
22039,7230
22041,4020
22043,3760
22045,11750
22047,4800
22049,2870
22051,58000
22053,5040
22055,32960
22057,14110
22059,2320
22061,8480
22063,17380
22065,2460
22067,4860
22069,7640
22071,61940
22073,26360
22075,3440
22077,3810
22079,20910
22081,1410
22083,3880
22085,3880
22087,7540
22089,5460
22091,1450
22093,2710
22095,5010
22097,13990
22099,7600
22101,8430
22103,31170
22105,22080
22107,910
22109,17870
22111,3230
22113,9320
22115,8770
22117,8720
22119,7520
22121,2950
22123,2130
22125,1630
22127,2480
23001,13770
23003,10870
23005,29660
23007,3540
23009,6420
23011,15680
23013,4390
23015,4180
23017,7850
23019,21160
23021,2850
23023,3630
23025,8600
23027,5000
23029,5200
23031,21050
24001,12090
24003,51420
24005,88250
24009,7480
24011,4400
24013,16060
24015,12750
24017,11020
24019,4730
24021,24350
24023,4050
24025,24800
24027,24620
24029,2530
24031,89270
24033,66420
24035,4670
24037,12160
24039,4130
24041,4400
24043,21170
24045,13940
24047,7200
24510,96190
25001,15160
25003,12360
25005,54720
25007,1280
25009,59740
25011,6390
25013,50820
25015,12850
25017,102660
25019,830
25021,41100
25023,31400
25025,84280
25027,67240
26001,1710
26003,1310
26005,11770
26007,4250
26009,2930
26011,2500
26013,1240
26015,6010
26017,14920
26019,2080
26021,21200
26023,5980
26025,19030
26027,6660
26029,3200
26031,4280
26033,6390
26035,5730
26037,7610
26039,2210
26041,5340
26043,3470
26045,12960
26047,4220
26049,61960
26051,4100
26053,2280
26055,10360
26057,5880
26059,6460
26061,5420
26063,4250
26065,40100
26067,7360
26069,4140
26071,1610
26073,10730
26075,20740
26077,32200
26079,2750
26081,68860
26083,260
26085,2150
26087,10470
26089,2010
26091,11940
26093,16180
26095,1030
26097,1930
26099,102860
26101,3280
26103,9260
26105,4210
26107,6660
26109,3210
26111,9810
26113,2190
26115,17770
26117,8840
26119,1660
26121,23060
26123,6910
26125,123330
26127,3700
26129,3640
26131,890
26133,3610
26135,1390
26137,3460
26139,25700
26141,1940
26143,4300
26145,27570
26147,21790
26149,8370
26151,6140
26153,1380
26155,8650
26157,7680
26159,10090
26161,39690
26163,271600
26165,4680
27001,1870
27003,20120
27005,3170
27007,5880
27009,3750
27011,500
27013,6120
27015,1800
27017,3380
27019,4560
27021,3240
27023,1110
27025,3560
27027,5360
27029,1200
27031,560
27033,1070
27035,6280
27037,24300
27039,1130
27041,3010
27043,1280
27045,1750
27047,2730
27049,3650
27051,580
27053,95680
27055,1390
27057,2220
27059,3080
27061,4990
27063,720
27065,1640
27067,3500
27069,390
27071,1580
27073,570
27075,930
27077,340
27079,2190
27081,530
27083,2420
27085,2840
27087,830
27089,790
27091,2150
27093,1720
27095,2940
27097,3220
27099,3720
27101,680
27103,2740
27105,1840
27107,560
27109,10570
27111,5190
27113,1370
27115,3180
27117,890
27119,3050
27121,890
27123,52970
27125,380
27127,1280
27129,1250
27131,4720
27133,690
27135,1210
27137,20980
27139,6710
27141,5480
27143,1090
27145,14110
27147,2780
27149,730
27151,990
27153,2350
27155,320
27157,1720
27159,1730
27161,1550
27163,12290
27165,980
27167,580
27169,4230
27171,7600
27173,920
28001,6670
28003,6770
28005,2550
28007,3910
28009,1450
28011,7440
28013,2790
28015,1750
28017,3080
28019,1600
28021,2150
28023,2910
28025,3420
28027,5190
28029,5060
28031,3520
28033,22420
28035,16050
28037,1310
28039,4650
28041,2660
28043,3960
28045,8950
28047,39200
28049,37490
28051,4640
28053,2070
28055,400
28057,3980
28059,25290
28061,2850
28063,1790
28065,2100
28067,12640
28069,2060
28071,8510
28073,10390
28075,14250
28077,2310
28079,4780
28081,13570
28083,6460
28085,6180
28087,9960
28089,12470
28091,5010
28093,5520
28095,5910
28097,2060
28099,6340
28101,4260
28103,2230
28105,9160
28107,6070
28109,10100
28111,2430
28113,8540
28115,5460
28117,5120
28119,1690
28121,19280
28123,5550
28125,910
28127,4540
28129,2770
28131,3550
28133,5760
28135,2870
28137,4680
28139,4210
28141,3970
28143,1840
28145,4870
28147,2780
28149,8220
28151,11070
28153,3750
28155,1940
28157,2130
28159,3490
28161,2110
28163,6420
29001,3850
29003,1920
29005,740
29007,3700
29009,5770
29011,2010
29013,2230
29015,3310
29017,1890
29019,22660
29021,13170
29023,8480
29025,1300
29027,5330
29029,6660
29031,10320
29033,1210
29035,960
29037,11160
29039,2240
29041,1050
29043,9930
29045,970
29047,25160
29049,2300
29051,8410
29053,2300
29055,4060
29057,1220
29059,2640
29061,1090
29063,1610
29065,2840
29067,2380
29069,6030
29071,12490
29073,1830
29075,930
29077,42670
29079,1550
29081,1330
29083,3780
29085,1630
29087,570
29089,1280
29091,7540
29093,2000
29095,89820
29097,17570
29099,25110
29101,6970
29103,620
29105,5880
29107,4240
29109,5800
29111,1450
29113,6860
29115,1770
29117,2160
29119,3430
29121,2070
29123,1960
29125,1340
29127,4280
29129,430
29131,3820
29133,2540
29135,1860
29137,1220
29139,1720
29141,3520
29143,3220
29145,7770
29147,3200
29149,2100
29151,1260
29153,2000
29155,3480
29157,2080
29159,6210
29161,7290
29163,2530
29165,10010
29167,4760
29169,8290
29171,720
29173,1240
29175,3780
29177,2820
29179,1120
29181,2940
29183,32040
29185,1570
29186,2120
29187,10720
29189,100910
29195,3280
29197,750
29199,630
29201,6390
29203,1790
29205,880
29207,5320
29209,4560
29211,790
29213,8810
29215,5110
29217,3050
29219,4320
29221,4430
29223,2780
29225,5850
29227,270
29229,3560
29510,48840
30001,1030
30003,2100
30005,1230
30007,530
30009,970
30011,130
30013,8490
30015,640
30017,1220
30019,100
30021,870
30023,1300
30025,240
30027,1180
30029,9210
30031,7910
30033,70
30035,2520
30037,80
30039,340
30041,2130
30043,850
30045,190
30047,3830
30049,5920
30051,290
30053,2850
30055,120
30057,680
30059,190
30061,630
30063,11980
30065,490
30067,1530
30069,40
30071,430
30073,720
30075,150
30077,710
30079,130
30081,4610
30083,830
30085,1770
30087,1210
30089,1570
30091,270
30093,4280
30095,660
30097,270
30099,640
30101,530
30103,90
30105,720
30107,220
30109,90
30111,13410
31001,4100
31003,780
31005,60
31007,80
31009,70
31011,540
31013,1410
31015,230
31017,380
31019,5880
31021,870
31023,810
31025,2530
31027,830
31029,410
31031,680
31033,1240
31035,720
31037,970
31039,910
31041,1390
31043,2410
31045,1100
31047,2680
31049,220
31051,610
31053,4750
31055,65490
31057,230
31059,630
31061,430
31063,350
31065,630
31067,2880
31069,220
31071,230
31073,210
31075,100
31077,270
31079,7230
31081,870
31083,420
31085,110
31087,400
31089,1130
31091,110
31093,740
31095,970
31097,600
31099,710
31101,1050
31103,80
31105,470
31107,1010
31109,37310
31111,4460
31113,110
31115,80
31117,60
31119,4390
31121,1040
31123,540
31125,440
31127,880
31129,550
31131,1970
31133,380
31135,280
31137,1020
31139,740
31141,3280
31143,520
31145,1330
31147,1070
31149,150
31151,1680
31153,16690
31155,2310
31157,4710
31159,1760
31161,800
31163,410
31165,130
31167,540
31169,590
31171,80
31173,1350
31175,500
31177,2220
31179,1020
31181,430
31183,110
31185,1580
32001,3130
32003,257630
32005,5350
32007,5170
32009,130
32011,210
32013,1750
32015,510
32017,570
32019,6950
32021,680
32023,7100
32027,760
32029,420
32031,50080
32033,1120
32510,7560
33001,5750
33003,4470
33005,7200
33007,3950
33009,8680
33011,35370
33013,12550
33015,20680
33017,11730
33019,4350
34001,28280
34003,62040
34005,29530
34007,48060
34009,10540
34011,17230
34013,84900
34015,21930
34017,74200
34019,6880
34021,30210
34023,60910
34025,44060
34027,28610
34029,53480
34031,50810
34033,6740
34035,17040
34037,9150
34039,40200
34041,9100
35001,86440
35003,610
35005,9020
35006,5270
35007,1890
35009,7660
35011,270
35013,33560
35015,6340
35017,4520
35019,590
35021,70
35023,720
35025,7650
35027,2390
35028,1410
35029,5150
35031,16350
35033,710
35035,11070
35037,1360
35039,5520
35041,3200
35043,15900
35045,20810
35047,5060
35049,15770
35051,2270
35053,3210
35055,4600
35057,2530
35059,620
35061,9610
36001,31850
36003,6420
36005,235660
36007,25950
36009,10620
36011,8800
36013,17920
36015,10290
36017,6190
36019,10490
36021,6220
36023,5990
36025,6120
36027,25090
36029,104770
36031,4130
36033,6920
36035,7150
36037,6170
36039,5500
36041,600
36043,7810
36045,15350
36047,348920
36049,3160
36051,6550
36053,7080
36055,83760
36057,7110
36059,66420
36061,207260
36063,24920
36065,28420
36067,51580
36069,10310
36071,34520
36073,4870
36075,15860
36077,7190
36079,5900
36081,221350
36083,17300
36085,41390
36087,29100
36089,15430
36091,18400
36093,16020
36095,3630
36097,2420
36099,3950
36101,11880
36103,89230
36105,8760
36107,5130
36109,11920
36111,19620
36113,7100
36115,6810
36117,9650
36119,72490
36121,4150
36123,2510
37001,22360
37003,5320
37005,2030
37007,3600
37009,4140
37011,2800
37013,7350
37015,3040
37017,5730
37019,17760
37021,34770
37023,14770
37025,22250
37027,12800
37029,1210
37031,9830
37033,3390
37035,21320
37037,8350
37039,4640
37041,2040
37043,1680
37045,15920
37047,9540
37049,15220
37051,53180
37053,3140
37055,4460
37057,24380
37059,5750
37061,9180
37063,37850
37065,8800
37067,49560
37069,8390
37071,31330
37073,1610
37075,1500
37077,7370
37079,3380
37081,69110
37083,9020
37085,18540
37087,9100
37089,14880
37091,3760
37093,8420
37095,1000
37097,21190
37099,6800
37101,23890
37103,1740
37105,8670
37107,10070
37109,10740
37111,7480
37113,5450
37115,3340
37117,3570
37119,115580
37121,2340
37123,3770
37125,12270
37127,12920
37129,32700
37131,3080
37133,30030
37135,16760
37137,1750
37139,5590
37141,7950
37143,1950
37145,5620
37147,27480
37149,2870
37151,20900
37153,8170
37155,25350
37157,13980
37159,20210
37161,11320
37163,9580
37165,6900
37167,8310
37169,6500
37171,11460
37173,2410
37175,4850
37177,740
37179,21790
37181,7390
37183,107570
37185,2970
37187,2030
37189,8340
37191,19010
37193,11190
37195,12980
37197,5460
37199,2910
38001,110
38003,720
38005,1050
38007,50
38009,430
38011,130
38013,70
38015,4580
38017,10430
38019,200
38021,170
38023,120
38025,190
38027,200
38029,210
38031,170
38033,110
38035,5330
38037,160
38039,140
38041,120
38043,170
38045,290
38047,80
38049,320
38051,160
38053,820
38055,450
38057,390
38059,1420
38061,610
38063,230
38065,90
38067,350
38069,320
38071,1030
38073,280
38075,80
38077,930
38079,2270
38081,150
38083,110
38085,800
38087,40
38089,1630
38091,50
38093,1540
38095,140
38097,360
38099,640
38101,3840
38103,250
38105,1600
39001,5280
39003,13720
39005,7260
39007,15940
39009,12460
39011,4690
39013,9480
39015,6600
39017,45020
39019,3640
39021,4790
39023,19570
39025,23500
39027,6450
39029,14930
39031,5430
39033,6320
39035,173920
39037,6330
39039,4200
39041,15230
39043,9700
39045,17070
39047,4490
39049,164950
39051,4410
39053,5300
39055,8180
39057,19960
39059,6660
39061,103930
39063,8710
39065,4400
39067,2340
39069,3030
39071,7360
39073,4140
39075,4550
39077,8150
39079,5780
39081,10910
39083,8100
39085,24810
39087,10600
39089,21460
39091,5510
39093,38160
39095,65150
39097,5120
39099,34360
39101,9830
39103,16580
39105,4270
39107,3810
39109,12340
39111,2530
39113,75930
39115,2580
39117,4070
39119,12940
39121,2280
39123,5140
39125,2300
39127,6000
39129,7430
39131,5350
39133,20690
39135,5020
39137,3080
39139,16900
39141,12400
39143,7390
39145,15010
39147,7190
39149,5540
39151,49800
39153,68690
39155,31240
39157,12380
39159,5020
39161,3430
39163,2290
39165,19500
39167,9390
39169,13880
39171,4400
39173,15030
39175,2380
40001,4480
40003,670
40005,2460
40007,550
40009,3150
40011,1230
40013,7730
40015,4720
40017,14870
40019,7350
40021,8390
40023,3050
40025,300
40027,33090
40029,1040
40031,18610
40033,940
40035,2490
40037,9920
40039,3870
40041,7300
40043,660
40045,570
40047,8330
40049,3920
40051,7010
40053,490
40055,990
40057,350
40059,530
40061,2320
40063,2340
40065,3570
40067,1090
40069,1990
40071,7380
40073,1770
40075,1610
40077,1930
40079,9060
40081,4950
40083,5610
40085,1410
40087,3920
40089,6180
40091,3720
40093,920
40095,2750
40097,6890
40099,2230
40101,11490
40103,1420
40105,1530
40107,2300
40109,104330
40111,6710
40113,6690
40115,5490
40117,2450
40119,13150
40121,7510
40123,5490
40125,10980
40127,2140
40129,530
40131,10640
40133,4600
40135,7610
40137,6680
40139,2270
40141,1110
40143,87700
40145,9560
40147,7060
40149,1550
40151,1080
40153,2570
41001,2110
41003,9870
41005,34620
41007,4610
41009,5840
41011,9650
41013,3010
41015,3110
41017,19030
41019,15280
41021,230
41023,1190
41025,930
41027,1540
41029,27520
41031,3260
41033,12960
41035,10340
41037,1230
41039,50680
41041,7010
41043,15860
41045,4230
41047,37990
41049,1160
41051,89810
41053,8740
41055,220
41057,3360
41059,9890
41061,3300
41063,960
41065,3080
41067,49270
41069,190
41071,10670
42001,8420
42003,126660
42005,7940
42007,18180
42009,5560
42011,39480
42013,16000
42015,7080
42017,45120
42019,16720
42021,17900
42023,660
42025,7490
42027,15090
42029,32740
42031,5140
42033,10420
42035,5160
42037,7720
42039,10640
42041,20200
42043,26730
42045,48040
42047,3260
42049,34340
42051,19190
42053,1080
42055,15050
42057,1640
42059,4750
42061,5520
42063,10600
42065,5660
42067,2640
42069,26750
42071,48940
42073,11030
42075,13660
42077,36680
42079,39670
42081,13790
42083,5670
42085,14030
42087,5730
42089,15760
42091,56820
42093,1910
42095,26150
42097,11610
42099,4430
42101,226890
42103,5460
42105,2250
42107,17140
42109,4400
42111,8860
42113,740
42115,4650
42117,5210
42119,4550
42121,6630
42123,4670
42125,20950
42127,5780
42129,36690
42131,2900
42133,40110
44001,3680
44003,14100
44005,7110
44007,69740
44009,9360
45001,3080
45003,16810
45005,1210
45007,21850
45009,1910
45011,3520
45013,15060
45015,18790
45017,1760
45019,36890
45021,7250
45023,3940
45025,5650
45027,4660
45029,4310
45031,8310
45033,5220
45035,13820
45037,2740
45039,2550
45041,15000
45043,6900
45045,45610
45047,8630
45049,1970
45051,38990
45053,2760
45055,6470
45057,8440
45059,8950
45061,2180
45063,26520
45065,1000
45067,3960
45069,4140
45071,3990
45073,9990
45075,10880
45077,13840
45079,38620
45081,1860
45083,31090
45085,12380
45087,3790
45089,4240
45091,21120
46003,200
46005,2060
46007,700
46009,680
46011,3290
46013,3650
46015,610
46017,480
46019,1080
46021,100
46023,1210
46025,350
46027,1640
46029,3010
46031,980
46033,980
46035,2260
46037,650
46039,400
46041,1150
46043,230
46045,250
46047,880
46049,250
46051,630
46053,480
46055,200
46057,380
46059,310
46061,280
46063,110
46065,1730
46067,710
46069,120
46071,770
46073,180
46075,80
46077,410
46079,1310
46081,2840
46083,3320
46085,550
46087,480
46089,260
46091,420
46093,2310
46095,510
46097,190
46099,16960
46101,660
46102,3970
46103,12140
46105,280
46107,190
46109,1370
46111,210
46115,600
46117,200
46119,90
46121,2810
46123,630
46125,790
46127,1340
46129,590
46135,2400
46137,640
47001,11740
47003,6240
47005,2860
47007,2910
47009,15190
47011,15360
47013,7560
47015,1980
47017,4540
47019,10130
47021,4540
47023,2200
47025,5790
47027,1470
47029,6800
47031,7670
47033,2030
47035,8860
47037,79290
47039,1760
47041,3140
47043,6820
47045,6150
47047,4470
47049,3220
47051,5840
47053,6960
47055,4020
47057,3740
47059,11320
47061,2440
47063,9550
47065,43030
47067,1440
47069,3620
47071,4110
47073,9600
47075,2560
47077,4410
47079,5310
47081,3760
47083,1230
47085,2740
47087,2060
47089,7380
47091,3170
47093,56560
47095,1520
47097,4500
47099,6620
47101,1930
47103,4670
47105,5860
47107,8550
47109,4270
47111,3590
47113,12630
47115,4440
47117,4350
47119,9830
47121,1880
47123,7110
47125,24770
47127,660
47129,3700
47131,5350
47133,3190
47135,1530
47137,860
47139,2430
47141,11210
47143,5560
47145,7450
47147,7910
47149,31360
47151,4310
47153,2590
47155,13450
47157,115980
47159,2840
47161,1970
47163,24060
47165,18980
47167,7490
47169,1150
47171,3040
47173,3260
47175,970
47177,7080
47179,18250
47181,2660
47183,5270
47185,3840
47187,14580
47189,13030
48001,8400
48003,1760
48005,15090
48007,4450
48009,1240
48011,240
48013,6140
48015,4000
48017,770
48019,3540
48021,10230
48023,580
48025,5400
48027,52720
48029,270950
48031,1500
48033,80
48035,3010
48037,15100
48039,41090
48041,34500
48043,1440
48045,230
48047,1570
48049,5670
48051,2470
48053,6430
48055,6230
48057,3050
48059,2080
48061,73730
48063,2080
48065,730
48067,5270
48069,900
48071,5300
48073,7840
48075,1170
48077,1610
48079,490
48081,510
48083,1340
48085,107700
48087,460
48089,2480
48091,17230
48093,1910
48095,420
48097,5880
48099,12230
48101,380
48103,400
48105,430
48107,970
48109,420
48111,940
48113,364840
48115,2370
48117,2380
48119,950
48121,93820
48123,3010
48125,400
48127,2100
48129,520
48131,1930
48133,3260
48135,18420
48137,250
48139,20050
48141,121760
48143,6200
48145,3310
48147,5100
48149,3350
48151,600
48153,760
48155,180
48157,72370
48159,1520
48161,3430
48163,3000
48165,2720
48167,46810
48169,940
48171,3500
48173,170
48175,1020
48177,2850
48179,3520
48181,20780
48183,20510
48185,4210
48187,17550
48189,4730
48191,580
48193,1430
48195,840
48197,660
48199,8850
48201,644710
48203,10430
48205,670
48207,1040
48209,25610
48211,480
48213,13820
48215,153810
48217,5450
48219,3320
48221,7860
48223,5640
48225,4110
48227,5620
48229,770
48231,15270
48233,3460
48235,230
48237,1390
48239,2190
48241,6340
48243,220
48245,42130
48247,970
48249,6610
48251,21590
48253,3030
48255,2040
48257,15990
48259,5010
48261,80
48263,120
48265,7690
48267,820
48269,40
48271,660
48273,5390
48275,550
48277,9000
48279,2020
48281,3150
48283,1030
48285,2790
48287,2170
48289,3070
48291,13160
48293,3880
48295,470
48297,1890
48299,3490
48301,20
48303,47200
48305,980
48307,1440
48309,39500
48311,100
48313,2010
48315,1820
48317,600
48319,600
48321,6150
48323,10500
48325,6050
48327,370
48329,17820
48331,4080
48333,810
48335,1100
48337,3440
48339,70560
48341,2500
48343,2220
48345,190
48347,12290
48349,7880
48351,2760
48353,2380
48355,52970
48357,1290
48359,260
48361,13830
48363,4920
48365,3710
48367,16710
48369,1210
48371,1890
48373,8990
48375,19400
48377,1690
48379,1920
48381,16220
48383,360
48385,710
48387,2230
48389,1650
48391,1110
48393,120
48395,2330
48397,9280
48399,1570
48401,7380
48403,2150
48405,1740
48407,4880
48409,10180
48411,910
48413,380
48415,2340
48417,500
48419,4530
48421,440
48423,33700
48425,1590
48427,13550
48429,1570
48431,100
48433,230
48435,480
48437,1320
48439,266980
48441,21730
48443,90
48445,1940
48447,270
48449,5000
48451,16620
48453,156910
48455,2750
48457,3950
48459,6810
48461,420
48463,3820
48465,7230
48467,8780
48469,13240
48471,10940
48473,6960
48475,1310
48477,4940
48479,43300
48481,6200
48483,890
48485,22340
48487,2440
48489,4050
48491,60430
48493,5350
48495,890
48497,9520
48499,7520
48501,780
48503,2570
48505,2780
48507,2590
49001,760
49003,5820
49005,15230
49007,3090
49009,50
49011,31440
49013,2800
49015,1390
49017,820
49019,1270
49021,7170
49023,1410
49025,1050
49027,1610
49029,900
49031,330
49033,350
49035,120770
49037,2880
49039,3820
49041,2920
49043,3370
49045,6500
49047,4820
49049,63950
49051,2990
49053,20820
49055,370
49057,28280
50001,3230
50003,4090
50005,3520
50007,15850
50009,760
50011,4550
50013,550
50015,2700
50017,2900
50019,3330
50021,6330
50023,5970
50025,5280
50027,5470
51001,3860
51003,9200
51005,2210
51007,1130
51009,3360
51011,1670
51013,18270
51015,6720
51017,440
51019,7130
51021,690
51023,2550
51025,2090
51027,4430
51029,1930
51031,5630
51033,2230
51035,3750
51036,630
51037,1850
51041,21790
51043,1160
51045,540
51047,3940
51049,1110
51051,2880
51053,2650
51057,1240
51059,66320
51061,4490
51063,1580
51065,1740
51067,6100
51069,6440
51071,1790
51073,3540
51075,1440
51077,2280
51079,1550
51081,1040
51083,3810
51085,6630
51087,26500
51089,6780
51091,240
51093,3240
51095,5750
51097,580
51099,1580
51101,1190
51103,1010
51105,4540
51107,15670
51109,3540
51111,1500
51113,1080
51115,910
51117,4120
51119,1010
51121,11370
51125,1510
51127,1330
51131,1440
51133,1210
51135,1930
51137,3180
51139,3350
51141,2230
51143,7370
51145,1770
51147,2690
51149,2980
51153,22000
51155,4580
51157,730
51159,960
51161,7670
51163,2530
51165,7160
51167,4700
51169,3310
51171,4770
51173,4990
51175,1480
51177,9150
51179,7080
51181,660
51183,1090
51185,6340
51187,3770
51191,7350
51193,1870
51195,7000
51197,3780
51199,4790
51510,13300
51520,2990
51530,1000
51540,5850
51550,17390
51570,1970
51580,620
51590,6260
51595,900
51600,1410
51610,840
51620,880
51630,3580
51640,1130
51650,14340
51660,6780
51670,3540
51678,1190
51680,10530
51683,2240
51685,850
51690,1930
51700,20740
51710,30540
51720,790
51730,5040
51735,880
51740,10660
51750,2760
51760,31450
51770,13290
51775,2550
51790,2840
51800,6780
51810,34840
51820,2910
51830,1830
51840,3660
53001,2610
53003,2880
53005,21470
53007,8690
53009,11000
53011,48070
53013,560
53015,15510
53017,4890
53019,1460
53021,9420
53023,290
53025,11510
53027,10680
53029,8580
53031,4120
53033,190320
53035,27730
53037,5640
53039,3020
53041,10600
53043,1340
53045,8470
53047,6450
53049,3310
53051,1870
53053,95250
53055,1640
53057,14190
53059,1370
53061,67180
53063,64810
53065,6410
53067,30360
53069,500
53071,6990
53073,26130
53075,6800
53077,31070
54001,2440
54003,10580
54005,3760
54007,2280
54009,2580
54011,13870
54013,1450
54015,1770
54017,1010
54019,6890
54021,940
54023,1260
54025,4530
54027,3230
54029,3470
54031,1510
54033,8220
54035,3840
54037,4160
54039,23130
54041,2480
54043,3510
54045,6160
54047,4190
54049,6880
54051,3850
54053,3420
54055,9570
54057,3430
54059,4970
54061,11760
54063,1800
54065,1450
54067,3530
54069,4560
54071,800
54073,870
54075,1210
54077,3720
54079,4740
54081,10390
54083,4040
54085,1420
54087,2380
54089,2120
54091,2170
54093,850
54095,1210
54097,3380
54099,6830
54101,1430
54103,2430
54105,870
54107,11420
54109,3850
55001,2420
55003,2120
55005,4550
55007,1650
55009,22900
55011,1240
55013,1750
55015,3020
55017,6130
55019,3210
55021,4430
55023,1760
55025,41680
55027,7320
55029,2320
55031,4890
55033,4290
55035,10300
55037,460
55039,8510
55041,1200
55043,5020
55045,2850
55047,1880
55049,2000
55051,770
55053,2110
55055,7060
55057,3060
55059,16310
55061,1640
55063,11070
55065,1460
55067,2200
55069,2520
55071,7120
55073,11600
55075,4840
55077,1550
55078,970
55079,112270
55081,4520
55083,3270
55085,3100
55087,14620
55089,5400
55091,660
55093,3270
55095,4060
55097,6440
55099,1520
55101,18600
55103,1840
55105,16810
55107,1610
55109,5760
55111,5820
55113,2070
55115,3800
55117,8660
55119,1880
55121,2380
55123,3270
55125,2440
55127,8580
55129,1750
55131,8460
55133,24570
55135,5020
55137,2340
55139,15890
55141,7390
56001,4920
56003,1550
56005,5360
56007,1810
56009,1610
56011,770
56013,5430
56015,1640
56017,660
56019,1110
56021,11060
56023,2020
56025,9800
56027,380
56029,3380
56031,1170
56033,3230
56035,1190
56037,4940
56039,2100
56041,2590
56043,930
56045,860